,Compound,Date,Negative,Neutral,Positive,Tweet,User
0,0.8932,2018-05-31 23:50:00,0.545,0.0,0.455,"Good friends @joshgroban and @SaraBareilles are hosting the #TonyAwards together? Well, this is bound to be fun! https://t.co/26Vgzp0s2e",CBS
1,0.8442,2018-06-01 17:00:03,0.664,0.0,0.336,Remember @Lin_Manuel‚Äôs beautiful sonnet from the 70th Annual Tony Awards¬Æ? Relive some of the greatest moments in‚Ä¶ https://t.co/IZjeQLd58C,CBS
2,-0.3903,2018-06-01 17:39:17,0.807,0.131,0.062,"Call us old-fashioned, but we donut want you missing out on #NationalDonutDay! Here are a few treats from us to you‚Ä¶ https://t.co/HpzN8bQ3SO",CBS
3,0.0,2018-06-04 17:00:00,1.0,0.0,0.0,"The #TonyAwards are just days away, and @joshgroban and @SaraBareilles will bring all they've got to Broadway's Big‚Ä¶ https://t.co/eKkWn6ClSq",CBS
4,0.0,2018-06-05 15:04:41,1.0,0.0,0.0,"More stars are set to appear at the #TonyAwards, including @billyjoel, @amyschumer, and @katharinemcphee. See who e‚Ä¶ https://t.co/lPUocBcn9t",CBS
5,0.5093,2018-06-05 19:00:02,0.845,0.0,0.155,These CBS stars can really belt it out! Find out which celebs from your favorite shows are pitch-perfect:‚Ä¶ https://t.co/X4zMACFazB,CBS
6,0.4574,2018-06-05 22:12:28,0.824,0.0,0.176,RT @StrangeAngel: About last night... The #StrangeAngel screening party was a blast! Pun intended. üöÄüòè https://t.co/m64EcNmweY,CBS
7,-0.4404,2018-06-05 22:23:35,0.723,0.177,0.1,"RT @SU2C: SU2C telecast Co-Executive Producer Bradley Cooper sits down with Mitch Carbon, a pediatric cancer survivor who benefited from #S‚Ä¶",CBS
8,0.3595,2018-06-06 00:08:30,0.872,0.0,0.128,"RT @CBSThisMorning: .@SaraBareilles and @joshgroban are hosting this Sunday's @TheTonyAwards on @CBS! 

Wednesday, they'll join us LIVE on‚Ä¶",CBS
9,0.2732,2018-06-06 21:00:24,0.719,0.105,0.176,Don‚Äôt miss a special performance from @springsteen this Sunday at the #TonyAwards: https://t.co/LYYdleaFwU https://t.co/IKkKoITH9y,CBS
10,0.3612,2018-06-07 17:03:26,0.872,0.0,0.128,"Get ready for show-stopping performances by the casts of the 2018 Tony-nominated shows Mean Girls, SpongeBob Square‚Ä¶ https://t.co/NiSx9Bbw0F",CBS
11,0.9078,2018-06-08 13:58:15,0.564,0.0,0.436,"We all get by with a little help from our friends, so what better way to celebrate #NationalBestFriendsDay than to‚Ä¶ https://t.co/pIZezbBwaT",CBS
12,0.0,2018-06-08 15:00:03,1.0,0.0,0.0,Here's @laChanze with a reminder that you can stream the #TonyAwards this Sunday on CBS All Access! https://t.co/8TDEXzKmyQ,CBS
13,0.296,2018-06-08 19:46:17,0.82,0.0,0.18,Join @etnow's @DDirecto this Sunday on the #TonyAwards' red carpet. https://t.co/7jS8g10KmY,CBS
14,0.0,2018-06-09 16:00:00,1.0,0.0,0.0,Here's everything you need to know before watching the #TonyAwards this Sunday at 8/7c: https://t.co/jcRgNGmLUZ https://t.co/8suUhVPFK6,CBS
15,0.5093,2018-06-09 21:00:02,0.845,0.0,0.155,These two know a thing or two about awards! Watch them light up the stage tomorrow at the #TonyAwards. ‚ú® https://t.co/KHVZp65oLS,CBS
16,0.0,2018-06-10 08:01:04,1.0,0.0,0.0,"‚ù§Ô∏è The moment actor Maisie Sly, who's deaf, finds out she's going to meet the Queen!  https://t.co/0D0gJq0rgE",BBC
17,0.0,2018-06-10 09:01:05,1.0,0.0,0.0,How the suffragettes woke us up. https://t.co/WrXoMnNNIZ,BBC
18,-0.4588,2018-06-10 10:01:05,0.625,0.227,0.148,"Learning to embrace that sinking, nagging feeling we get when we realise we have made the wrong choice. 
üëâ‚Ä¶ https://t.co/HlxIqK5SHb",BBC
19,0.5719,2018-06-10 10:11:08,0.861,0.0,0.139,RT @BBCTwo: We're celebrating female voices and achievements across the BBC to mark 100 years since women got the vote. So here's to Polly‚Ä¶,BBC
20,-0.3818,2018-06-10 10:28:00,0.88,0.12,0.0,"In 1913, Emily Wilding Davison made the ultimate sacrifice in the fight for women's right to vote.
#HearHer #Vote100 https://t.co/qr7UAIPtGr",BBC
21,0.0,2018-06-10 10:58:07,1.0,0.0,0.0,Can you believe these wonders are beneath UK waters? https://t.co/BJ3SEEIjDN,BBC
22,0.0,2018-06-10 12:02:04,1.0,0.0,0.0,"Kirsty Young presents live coverage of the processions across London, Edinburgh, Cardiff and Belfast to mark the ce‚Ä¶ https://t.co/MMZLWLI5uG",BBC
23,0.5719,2018-06-10 12:12:42,0.861,0.0,0.139,"RT @bbcarts: 100 years after the Suffragettes won the right to vote, women will gather in the streets of Belfast, Cardiff, Edinburgh and Lo‚Ä¶",BBC
24,0.5719,2018-06-10 14:37:55,0.861,0.0,0.139,"RT @BBCOne: We're celebrating female voices and achievements across the BBC to mark 100 years since women got the vote. 

Hands up to Bake‚Ä¶",BBC
25,0.0,2018-06-10 14:38:18,1.0,0.0,0.0,"RT @CBeebiesHQ: Would you consider an alternative to mainstream education? 

@BBCNews #SundayThoughts https://t.co/hwileHwd1K",BBC
26,0.4184,2018-06-10 15:00:01,0.843,0.0,0.157,Tonight's the night! Join @etnow's @DDirecto on the #TonyAwards' red carpet starting at 5PM ET! https://t.co/hZLOSiIRAT,CBS
27,-0.5994,2018-06-10 15:01:05,0.755,0.245,0.0,"Is feminism actually just a war on men? @RachelParris has some thoughts... üòÇ
#TheMashReport https://t.co/t31I5bFWgn",BBC
28,0.7003,2018-06-10 15:19:47,0.799,0.0,0.201,"RT @BBCOne: Women across the UK are marching together to create a living artwork, to mark 100 years since the first British women won the v‚Ä¶",BBC
29,0.6808,2018-06-10 15:22:00,0.804,0.0,0.196,"RT @BBCOne: ""We are woman, we have loud voices and lightbulb hearts...
Our bodies are like miracles, we are proud of what we are.""

Celebra‚Ä¶",BBC
30,0.0,2018-06-10 16:02:05,1.0,0.0,0.0,Little girls don‚Äôt stay little forever. https://t.co/3yThJBbcUs,BBC
31,0.0,2018-06-10 17:03:05,1.0,0.0,0.0,Emily Davison became a martyr to the suffragette cause after running in front of the king's horse at the Epsom Derb‚Ä¶ https://t.co/ULpY95lcsi,BBC
32,0.4588,2018-06-10 18:02:27,0.88,0.0,0.12,Can we interest you in a little cockroach milk to go with your cereal? Because this could be the next big food fad.‚Ä¶ https://t.co/Vk8TrTfYQr,BBC
33,-0.5719,2018-06-10 19:04:08,0.761,0.239,0.0,"As the Poldarks look to rebuild their marriage, Cornwall struggles under Warleggan pressure. 

#Poldark | 9pm |‚Ä¶ https://t.co/yPvJnKdRr9",BBC
34,0.0,2018-06-10 22:01:25,1.0,0.0,0.0,"The hosts have arrived! We're LIVE with @SaraBareilles, @joshgroban and more on the #TonyAwards red carpet hosted b‚Ä¶ https://t.co/NtarbgywLe",CBS
35,0.0,2018-06-10 23:18:15,1.0,0.0,0.0,‚ú® @thegoodfight's Christine Baranski has arrived on the #TonyAwards red carpet! Watch LIVE at 8/7c on CBS! https://t.co/XnXAnPtRrc,CBS
36,0.0,2018-06-10 23:59:00,1.0,0.0,0.0,Grab your popcorn... it's time for the #TonyAwards! Go and stream the entire show now: https://t.co/Wo1algQHix https://t.co/JGYTk4NPDN,CBS
37,0.0,2018-06-11 00:04:15,1.0,0.0,0.0,‚ú® @joshgroban and @SaraBareilles take the stage to begin an unforgettable evening. #TonyAwards https://t.co/y9uzlK2DzO,CBS
38,0.6696,2018-06-11 00:06:39,0.64,0.0,0.36,"RT @nightingalen: Love this opening song! @joshgroban
@SaraBarreilles 
#TonyAwards",CBS
39,0.8834,2018-06-11 00:12:31,0.437,0.0,0.563,Andrew Garfield wins Best Leading Actor in a Play. #TonyAwards @angelsbway https://t.co/s2VQnw6IPP,CBS
40,0.6369,2018-06-11 00:13:27,0.756,0.0,0.244,"RT @MichaelJMoritz: ""We are all made perfectly and we all belong‚Äù - Andrew Garfield #TonyAwards",CBS
41,0.0,2018-06-11 00:18:16,1.0,0.0,0.0,On Wednesdays they wear pink and on Sundays they perform at the #TonyAwards. üíï Who thought that performance by the‚Ä¶ https://t.co/w7QDkaX6kF,CBS
42,0.6369,2018-06-11 00:22:15,0.588,0.0,0.412,RT @misschae: I love theatre so much. #TonyAwards,CBS
43,0.0,2018-06-11 00:22:15,1.0,0.0,0.0,Representing the hardest-working men and women in Broadway‚Ä¶¬†ensemble members from every nominated musical tonight!‚Ä¶ https://t.co/imlEEnOUla,CBS
44,0.0,2018-06-11 00:24:31,1.0,0.0,0.0,Tina Fey has a boat?? #MeanGirls #TonyAwards https://t.co/phYxmHMd3d,CBS
45,0.8908,2018-06-11 00:27:00,0.43,0.0,0.57,Laurie Metcalf wins Best Featured Actress in a Play! #TonyAwards @threetallwomen https://t.co/y4teyJaRPs,CBS
46,0.3612,2018-06-11 00:27:42,0.737,0.0,0.263,RT @marialena_rago: I like this opener for @MyFairLadyBway #TonyAwards,CBS
47,0.0,2018-06-11 00:31:28,1.0,0.0,0.0,"If you haven't started singing, you will be the rest of the night. #TonyAwards #MyFairLady https://t.co/jbGXwnru8N",CBS
48,0.4588,2018-06-11 00:34:45,0.833,0.0,0.167,Keep your acceptance speeches short or else the #TonyAwards will get the angels involved. #AngelsInAmerica üëº https://t.co/oznhezRzDc,CBS
49,0.25,2018-06-11 00:35:41,0.92,0.0,0.08,"RT @CBSThisMorning: ""We know there are a lot of you out there who have photos of yourself in school plays or community theater."" Post your‚Ä¶",CBS
50,0.0,2018-06-11 00:44:36,1.0,0.0,0.0,Can the 73rd annual #TonyAwards just be three-hours of @TitussBurgess? https://t.co/3rCZwwTUtv,CBS
51,0.8858,2018-06-11 00:45:14,0.435,0.0,0.565,A big congratulations to @springsteen for his Special Tony award! ‚ú®¬†#TonyAwards https://t.co/i16u8uv9aT,CBS
52,0.8478,2018-06-11 00:50:18,0.494,0.0,0.506,‚ú® @LindsayMendez wins Best Featured Actress in a Musical! #TonyAwards @carouselbway https://t.co/MtgFowscN5,CBS
53,0.0,2018-06-11 00:51:11,1.0,0.0,0.0,Who lives in a pineapple and just performed at The Tonys? üççüé∂ The cast of SpongeBob SquarePants: The Musical!‚Ä¶ https://t.co/mvFxdh9UJi,CBS
54,0.2714,2018-06-11 00:52:34,0.793,0.0,0.207,RT @adub369: This is unbelievable! @SaraBareilles and @joshgroban #TonyAwards,CBS
55,0.0,2018-06-11 00:58:06,1.0,0.0,0.0,üåü¬†@joshgroban and @SaraBareilles are Host Goals. üåü #TonyAwards https://t.co/OGQec8cXJ6,CBS
56,0.8834,2018-06-11 01:02:47,0.437,0.0,0.563,Nathan Lane wins Best Featured Actor in a Play. #TonyAwards @angelsbway https://t.co/xc8M7JtLDE,CBS
57,0.1531,2018-06-11 01:08:24,0.852,0.0,0.148,Nathan Lane saw his #AngelsinAmerica role as a challenge. How will you challenge yourself in 2018? #TonyAwards https://t.co/3WXd6AqgBi,CBS
58,0.1511,2018-06-11 01:08:28,0.898,0.0,0.102,RT if that musical number by the cast of Carousel blew you away! #TonyAwards https://t.co/CMzMNtcAQO,CBS
59,0.6369,2018-06-11 01:12:31,0.625,0.0,0.375,RT @McBenefit: I love everything about you @UzoAduba. #TonyAwards,CBS
60,0.9151,2018-06-11 01:19:59,0.543,0.0,0.457,So many feels at the #TonyAwards. Congratulations to @arielstachel for winning Best Featured Actor in a Musical!‚Ä¶ https://t.co/m1aRNIHPRK,CBS
61,0.4019,2018-06-11 01:24:12,0.838,0.0,0.162,.@Matt_Morrison welcomes the Marjory Stoneman Douglas High School theatre department to the stage. #TonyAwards https://t.co/5dxa9smeka,CBS
62,0.0,2018-06-11 01:24:46,1.0,0.0,0.0,Such a touching moment at the #TonyAwards. ‚ù§Ô∏è https://t.co/4kJWTHVPZ8,CBS
63,0.0,2018-06-11 01:25:59,1.0,0.0,0.0,RT @KatLargent: MAGIC #TonyAwards,CBS
64,0.7351,2018-06-11 01:26:03,0.625,0.079,0.296,RT @IzzyNY202: How impressive are these Marjory Stoneman Douglas students? That #TonyAwards performance reduced me to tears. Amazing.,CBS
65,0.0,2018-06-11 01:29:21,1.0,0.0,0.0,.@SaraBareilles is totally a Gryffindor. #TonyAwards https://t.co/OPQ7esk2dn,CBS
66,0.8834,2018-06-11 01:30:56,0.437,0.0,0.563,Glenda Jackson wins Best Leading Actress in a Play. #TonyAwards @threetallwomen https://t.co/GRp1gcBuiW,CBS
67,0.636,2018-06-11 01:37:36,0.724,0.0,0.276,RT @anna_villanueva: Magnificent performance from the cast of @FrozenBroadway! #TonyAwards2018 #TonyAwards #Tonys,CBS
68,0.0,2018-06-11 01:38:23,1.0,0.0,0.0,If only this performance could go on forever. #TonyAwards @FrozenBroadway https://t.co/p2BMUvyTxr,CBS
69,0.6467,2018-06-11 01:51:16,0.752,0.0,0.248,"RT @Valerie4815: What a birthday present, the Tony audience singing happy birthday to you!! #TonyAwards",CBS
70,0.7579,2018-06-11 01:53:17,0.435,0.0,0.565,RT @hjmayer8: I sure do love @DearEvanHansen üíô #TonyAwards,CBS
71,0.5093,2018-06-11 01:58:48,0.477,0.0,0.523,@writerlindsayb You're welcome! #TonyAwards,CBS
72,0.4926,2018-06-11 02:03:31,0.738,0.0,0.262,Hope he brought enough birthday cake for everyone! #TonyAwards https://t.co/FlLbKV6oj8,CBS
73,0.0,2018-06-11 02:05:47,1.0,0.0,0.0,üé∂ ‚ÄúLet's dance this last dance tonight.‚Äù üé∂ #TonyAwards #DonnaSummerMusical https://t.co/UAIaglChfv,CBS
74,0.8908,2018-06-11 02:11:03,0.509,0.0,0.491,Harry Potter and the Cursed Child wins Best Play at the #TonyAwards! @HPPlayNYC https://t.co/WIqJQmtAlN,CBS
75,0.0,2018-06-11 02:16:06,1.0,0.0,0.0,That performance was the GOAT. #TonyAwards https://t.co/mtoU92HipQ,CBS
76,0.0,2018-06-11 02:21:03,1.0,0.0,0.0,"RT @leahableson: The Once On This Island Goat And Chicken made it to the broadcast, Mama WILL provide #TonyAwards",CBS
77,0.8932,2018-06-11 02:23:56,0.483,0.0,0.517,Angels in America takes the win for Best Revival of a Play! #TonyAwards https://t.co/zodW61tw8a,CBS
78,0.8932,2018-06-11 02:23:56,0.483,0.0,0.517,Angels in America takes the win for Best Revival of a Play! #TonyAwards https://t.co/zodW61tw8a,CBS
79,0.4215,2018-06-11 02:29:18,0.877,0.0,0.123,"""I'm a living example of how theatre can change you - and it didn't just change me, it saved me."" @JohnLeguizamo at‚Ä¶ https://t.co/4ICwMhb6hv",CBS
80,0.4215,2018-06-11 02:29:18,0.877,0.0,0.123,"""I'm a living example of how theatre can change you - and it didn't just change me, it saved me."" @JohnLeguizamo at‚Ä¶ https://t.co/4ICwMhb6hv",CBS
81,0.5994,2018-06-11 02:33:09,0.698,0.0,0.302,What a beautiful performance by the cast of #TheBandsVisit. #TonyAwards https://t.co/4Hw96kZvrf,CBS
82,0.5994,2018-06-11 02:33:09,0.698,0.0,0.302,What a beautiful performance by the cast of #TheBandsVisit. #TonyAwards https://t.co/4Hw96kZvrf,CBS
83,0.9523,2018-06-11 02:44:37,0.45,0.0,0.55,The feeling when you win a Tony. üôå¬†Congratulations to Once on This Island for winning Best Revival of a Musical!‚Ä¶ https://t.co/UpFCqgBTwh,CBS
84,0.9523,2018-06-11 02:44:37,0.45,0.0,0.55,The feeling when you win a Tony. üôå¬†Congratulations to Once on This Island for winning Best Revival of a Musical!‚Ä¶ https://t.co/UpFCqgBTwh,CBS
85,0.7978,2018-06-11 02:44:50,0.457,0.0,0.543,Inspiration: Get to your YES! #OnceOnThisIsland #TonyAwards https://t.co/Wjp0QIWfXq,CBS
86,0.7978,2018-06-11 02:44:50,0.457,0.0,0.543,Inspiration: Get to your YES! #OnceOnThisIsland #TonyAwards https://t.co/Wjp0QIWfXq,CBS
87,0.6369,2018-06-11 02:47:29,0.682,0.0,0.318,RT @Aatamianphoto: Springsteen is on the #TonyAwards and I love it.,CBS
88,0.6369,2018-06-11 02:47:29,0.682,0.0,0.318,RT @Aatamianphoto: Springsteen is on the #TonyAwards and I love it.,CBS
89,0.0,2018-06-11 02:53:00,1.0,0.0,0.0,The Boss looks right at home on the #TonyAwards stage! https://t.co/pwjv4iydkn,CBS
90,0.0,2018-06-11 02:53:00,1.0,0.0,0.0,The Boss looks right at home on the #TonyAwards stage! https://t.co/pwjv4iydkn,CBS
91,0.836,2018-06-11 02:56:10,0.533,0.0,0.467,Tony Shalhoub wins Best Leading Actor in a Musical. #TonyAwards   #TheBandsVisit https://t.co/KcUDSicKI5,CBS
92,0.836,2018-06-11 02:56:10,0.533,0.0,0.467,Tony Shalhoub wins Best Leading Actor in a Musical. #TonyAwards   #TheBandsVisit https://t.co/KcUDSicKI5,CBS
93,0.4404,2018-06-11 02:56:40,0.847,0.0,0.153,RT @_stobin13: watching the #TonyAwards after going to 3 broadway shows this weekend makes it even better üòçü§©,CBS
94,0.4404,2018-06-11 02:56:40,0.847,0.0,0.153,RT @_stobin13: watching the #TonyAwards after going to 3 broadway shows this weekend makes it even better üòçü§©,CBS
95,0.0,2018-06-11 02:58:30,1.0,0.0,0.0,"RT @CBSThisMorning: Hmm... something seems off here @SaraBareilles @JoshGroban. üòÇ

@WaitressMusical @GreatCometBway #TonyAwards https://t.c‚Ä¶",CBS
96,0.0,2018-06-11 02:58:30,1.0,0.0,0.0,"RT @CBSThisMorning: Hmm... something seems off here @SaraBareilles @JoshGroban. üòÇ

@WaitressMusical @GreatCometBway #TonyAwards https://t.c‚Ä¶",CBS
97,0.92,2018-06-11 03:02:06,0.537,0.0,0.463,Congratulations are in order for @TheKatrinaLenk! She just won for Best Leading Actress in a Musical. #TonyAwards https://t.co/t9bNvpiEmH,CBS
98,0.92,2018-06-11 03:02:06,0.537,0.0,0.463,Congratulations are in order for @TheKatrinaLenk! She just won for Best Leading Actress in a Musical. #TonyAwards https://t.co/t9bNvpiEmH,CBS
99,0.8478,2018-06-11 03:10:33,0.594,0.0,0.406,An end to a magical evening. The Band's Visit wins for Best Musical! #TonyAwards https://t.co/ODza97n8YH,CBS
100,0.8478,2018-06-11 03:10:33,0.594,0.0,0.406,An end to a magical evening. The Band's Visit wins for Best Musical! #TonyAwards https://t.co/ODza97n8YH,CBS
101,0.4767,2018-06-11 06:04:41,0.78,0.0,0.22,See the complete list of winners from the 2018 #TonyAwards: https://t.co/9XK6CGeber https://t.co/HkUIN4Quej,CBS
102,0.4767,2018-06-11 06:04:41,0.78,0.0,0.22,See the complete list of winners from the 2018 #TonyAwards: https://t.co/9XK6CGeber https://t.co/HkUIN4Quej,CBS
103,0.0,2018-06-11 06:19:36,1.0,0.0,0.0,Here are all the performances from the 2018 #TonyAwards: https://t.co/gN4ItpFlRd https://t.co/fSMNBXKC9r,CBS
104,0.0,2018-06-11 06:19:36,1.0,0.0,0.0,Here are all the performances from the 2018 #TonyAwards: https://t.co/gN4ItpFlRd https://t.co/fSMNBXKC9r,CBS
105,0.4404,2018-06-11 07:03:07,0.854,0.0,0.146,"üê∫üèîüå≤üéß
Need to relax? 

Sit back, close your eyes and LISTEN to the incredible sounds of Alaska... https://t.co/oxXS1KWHKW",BBC
106,0.0258,2018-06-11 07:29:06,0.948,0.0,0.052,"From fallopian tubes to the G-spot, women‚Äôs body parts have been named by ‚Äì and after ‚Äì men. 

Does it matter?
üëâ‚Ä¶ https://t.co/AYYGElSo0U",BBC
107,0.6476,2018-06-11 08:01:05,0.602,0.0,0.398,üå≠üê∂ Two hundred dachshunds in one place... yes please! https://t.co/2ugZtgmBZ7,BBC
108,0.5719,2018-06-11 10:12:03,0.837,0.0,0.163,"We're celebrating female voices and achievements across the BBC to mark 100 years since women got the vote.

Here's‚Ä¶ https://t.co/5mfz9HMRb8",BBC
109,0.34,2018-06-11 11:03:05,0.888,0.0,0.112,"Is visual learning a myth?  ü§îüìö‚úç

Studies have been unable to find robust evidence to suggest matching teaching to p‚Ä¶ https://t.co/Ltv1kIAf2h",BBC
110,0.4588,2018-06-11 11:03:13,0.786,0.0,0.214,RT @BBCNews: 'I'm glad I was the first guardsman to wear a turban' https://t.co/fL4yzmOAPU,BBC
111,0.6801,2018-06-11 12:01:04,0.663,0.0,0.337,‚öΩ What's it like to be the most powerful woman in international sport? https://t.co/MqcaxKtJeH,BBC
112,-0.2023,2018-06-11 13:03:03,0.733,0.151,0.116,"Think bacteria are bad? Think again. ü•õü•íüßÄ

These are things you should eat to get a healthy gut. üëâ‚Ä¶ https://t.co/ZS4UEckeoR",BBC
113,0.0,2018-06-11 14:00:37,1.0,0.0,0.0,How do you know @SaraBareilles and @joshgroban's music? #TonyAwards https://t.co/POMXBORfUT,CBS
114,0.0,2018-06-11 14:00:37,1.0,0.0,0.0,How do you know @SaraBareilles and @joshgroban's music? #TonyAwards https://t.co/POMXBORfUT,CBS
115,0.2732,2018-06-11 14:25:15,0.905,0.0,0.095,"The UK could see an end to homelessness within 10 years if the government embraces certain policies, according to t‚Ä¶ https://t.co/7aqYA3BaEE",BBC
116,-0.2263,2018-06-11 15:03:32,0.921,0.079,0.0,"'My mum had tears coming out of her eyes'. 

‚ù§Ô∏è This Sikh soldier became the first person to wear a turban for the‚Ä¶ https://t.co/op7eX7mW5x",BBC
117,0.8908,2018-06-11 15:11:47,0.602,0.0,0.398,"RT @bbc5live: ""Be in charge of your own happiness"" üí™

 Inspiring words from champion wrestler @missviper91!

#FightLikeAGirl is on @BBCOne‚Ä¶",BBC
118,0.5423,2018-06-11 15:18:53,0.711,0.075,0.213,RT @BBCr4today: The building blocks of life have been found on Mars and @SanjeevGupta45 says it's an exciting prospect üëΩ #r4today https://t‚Ä¶,BBC
119,0.5423,2018-06-11 16:00:11,0.696,0.0,0.304,"üö∫üòÇ @SandiToksvig can't get a moment of peace. 
#QI https://t.co/D9YlBYFxpp",BBC
120,0.0498,2018-06-11 17:31:06,0.742,0.105,0.152,"Follow top female wrestler Kimberly Benson, aka Viper, as she fights in some of the most important matches of her c‚Ä¶ https://t.co/KE73F2VSI8",BBC
121,0.0258,2018-06-11 18:00:20,0.922,0.0,0.078,"'Everything that happened, could have been prevented. But it wasn't.'
#Grenfell | 8.30pm | @BBCOne https://t.co/WN4aCfoNTA",BBC
122,-0.296,2018-06-11 19:01:38,0.833,0.167,0.0,"In case you missed it, watch the entire #TonyAwards now: https://t.co/Bm0yNV3Ff3 https://t.co/3GA5otlcPa",CBS
123,-0.296,2018-06-11 19:01:38,0.833,0.167,0.0,"In case you missed it, watch the entire #TonyAwards now: https://t.co/Bm0yNV3Ff3 https://t.co/3GA5otlcPa",CBS
124,0.5093,2018-06-11 22:23:06,0.829,0.0,0.171,"RT @TheNeighborhood: Welcome to #TheNeighborhood, @BethBehrs! The @2BrokeGirls star returns to @CBS in a new sitcom alongside @CedEntertain‚Ä¶",CBS
125,0.5093,2018-06-11 22:23:06,0.829,0.0,0.171,"RT @TheNeighborhood: Welcome to #TheNeighborhood, @BethBehrs! The @2BrokeGirls star returns to @CBS in a new sitcom alongside @CedEntertain‚Ä¶",CBS
126,-0.5562,2018-06-12 00:19:23,0.551,0.315,0.134,"No pain, no gain, ALL Hart! Just one month until the premiere of @TKOCBS hosted by @KevinHart4real. https://t.co/C1yMCglxVn",CBS
127,-0.5562,2018-06-12 00:19:23,0.551,0.315,0.134,"No pain, no gain, ALL Hart! Just one month until the premiere of @TKOCBS hosted by @KevinHart4real. https://t.co/C1yMCglxVn",CBS
128,0.0,2018-06-12 07:00:10,0.722,0.139,0.139,This new service uses a smartphone and camera glasses to help blind or partially sighted people. https://t.co/5Ca4REP9xU,BBC
129,0.4019,2018-06-12 07:28:06,0.863,0.0,0.137,"üßüüì± A Chinese city has introduced a special pedestrian lane on one of its roads, exclusively for slow-walking smartp‚Ä¶ https://t.co/rBVq8RO5KN",BBC
130,0.0,2018-06-12 08:00:18,1.0,0.0,0.0,"üîäüê¶ Ever heard a beatboxing starling? 
#Springwatch https://t.co/N758EN4j3s",BBC
131,0.5994,2018-06-12 08:25:43,0.855,0.0,0.145,"RT @bbcgetinspired: History will be made at the #WorldCup 

Here's @LivCookefs to get you in the mood. Could you do these super skills? #Ge‚Ä¶",BBC
132,0.2732,2018-06-12 09:34:55,0.877,0.0,0.123,RT @bbcthree: Robert Lee quit his well paid Wall Street job to feed the homeless https://t.co/OHl500fXn1,BBC
133,0.3802,2018-06-12 10:10:18,0.899,0.0,0.101,"RT @BBCR1: ‚ú®üí´ Today's the day! üí´‚ú®

Make sure you're listening to @claraamfo to hear @5SOS perform in the Live Lounge at 12pm üëâ https://t.co‚Ä¶",BBC
134,0.0,2018-06-12 10:21:42,1.0,0.0,0.0,Captain Mainwaring and his comrades are to feature on a new set of stamps to mark the 50th anniversary of the class‚Ä¶ https://t.co/h8wGtRaGtO,BBC
135,-0.296,2018-06-12 11:03:02,0.891,0.109,0.0,"ü•í Use a wooden chopping board 
üçÑ Stop peeling your mushrooms
ü§î Throw your spaghetti at the wall... 

Here are 10 co‚Ä¶ https://t.co/e8RCeFoJvg",BBC
136,-0.2869,2018-06-12 11:04:42,0.734,0.158,0.108,"RT @bbcrb: Who doesn't love Gromit?
Even his biggest fans won't have seen him like THIS before! üòÆ‚úàÔ∏è https://t.co/8jvF1G1EeC",BBC
137,0.5719,2018-06-12 12:00:21,0.73,0.0,0.27,üôå Meet the 10-year-old with cerebral palsy who's won a modelling contract. https://t.co/UxQFh12fPX,BBC
138,0.2003,2018-06-12 12:15:37,0.755,0.104,0.141,"RT @BBCR1: How special is this cover?!

@5SOS take on @AliceMerton's 'No Roots' in the Live Lounge üíï https://t.co/EmYc7O524x",BBC
139,-0.7096,2018-06-12 13:02:04,0.619,0.275,0.107,"The ""Sensational Six"" have been friends for 40 years. After one of the group died from cancer, this photo inspired‚Ä¶ https://t.co/grOw4K4mEA",BBC
140,0.5719,2018-06-12 14:38:12,0.871,0.0,0.129,"RT @bbcarts: 100 years after women won the right to vote, and with the #MeToo movement making waves around the world, are we really any clo‚Ä¶",BBC
141,-0.0258,2018-06-12 15:01:55,0.561,0.224,0.215,"üòÇ Charlie Chaplin: The original distracted boyfriend.
üëâ https://t.co/SplrRVbEzo https://t.co/5pYs0lIMcM",BBC
142,-0.2263,2018-06-12 15:14:54,0.84,0.16,0.0,RT @BBCOne: .@StaceyDooley investigates the changing face of women's protests. https://t.co/1cdtKOdQ50,BBC
143,0.6369,2018-06-12 15:36:53,0.794,0.0,0.206,RT @bbcwritersroom: Find out how we created 4 brand new #comedy monologues across the UK for the #BiggestWeekend festival and watch all 4 n‚Ä¶,BBC
144,0.3802,2018-06-12 16:00:03,0.667,0.1,0.233,"üá∏üá™üôä Learn how to swear like a Swede! 

(via @BBCRadio4) https://t.co/S789Be360L",BBC
145,0.0,2018-06-12 17:01:05,1.0,0.0,0.0,"ü§¢ How long has it been since you last washed your tea towel?

Multi-use of tea towels is putting households at risk‚Ä¶ https://t.co/PHJy8gmVSX",BBC
146,0.8402,2018-06-12 18:07:04,0.667,0.0,0.333,This is the remarkable story of a convent of Mexican nuns helping to save one of the world's most endangered amphib‚Ä¶ https://t.co/onravMF7l2,BBC
147,0.0,2018-06-12 19:01:04,1.0,0.0,0.0,"üñ• The US has debuted the world's fastest supercomputer and it can process 200 petaflops per second.
üëâ‚Ä¶ https://t.co/6vWlmLR2nT",BBC
148,0.5413,2018-06-13 07:00:15,0.811,0.0,0.189,"üé∂ SOUND ON üé∂ 
üíô This is the most relaxing way to start your day.
#OurBluePlanet w/ @OceanX https://t.co/powXPfRdat",BBC
149,-0.4588,2018-06-13 07:26:10,0.857,0.143,0.0,"üå±üëÄ Shengshan island in China's eastern Zhejiang province is home to Houtouwan, an abandoned village that has become‚Ä¶ https://t.co/66x0Zg6TOm",BBC
150,0.0,2018-06-13 08:00:04,1.0,0.0,0.0,"üê¶üê¶üê¶
Do these photos change your view of pigeons? https://t.co/SQKBEWW3Fs",BBC
151,0.0,2018-06-13 09:36:59,1.0,0.0,0.0,"üò≤‚ö±Ô∏è An 18th Century Chinese vase, left for decades in a shoebox in France, has sold for 16.2m euros (¬£14.2m).
üëâ‚Ä¶ https://t.co/7atcYClrRw",BBC
152,0.128,2018-06-13 10:15:53,0.923,0.0,0.077,"A daredevil raccoon in St Paul, Minnesota, has had the internet on tenterhooks after scaling 23 floors of a buildin‚Ä¶ https://t.co/tqjQwFVL3I",BBC
153,0.0,2018-06-13 11:00:15,1.0,0.0,0.0,"Did you know you've had an accent since birth?

üó£ Seven things you need to hear about your voice.
üëâ‚Ä¶ https://t.co/3OGd30hpVQ",BBC
154,0.0,2018-06-13 12:03:07,1.0,0.0,0.0,‚ö°Ô∏è Meet Hertha Ayrton ‚Äì the woman who shaped how we use electricity. https://t.co/LZnr5wtYNy,BBC
155,0.0,2018-06-13 12:47:08,1.0,0.0,0.0,RT @bbcarts: Flags by artists including Grayson Perry (@Alan_Measles) and Cornelia Parker have appeared across London's West End as the @ro‚Ä¶,BBC
156,0.0,2018-06-13 16:01:03,1.0,0.0,0.0,'Black people think I have white privilege.' https://t.co/SoNEFZfdZ6,BBC
157,0.0,2018-06-13 16:01:03,1.0,0.0,0.0,'Black people think I have white privilege.' https://t.co/SoNEFZfdZ6,BBC
158,-0.4019,2018-06-13 16:25:17,0.837,0.163,0.0,"RT @BBCiPlayer: Witness the might of female factory workers in Dagenham, who fought for equal pay in 1968. üí™ üôåüèæ 
#MadeinDagenham: https://t‚Ä¶",BBC
159,-0.4019,2018-06-13 16:25:17,0.837,0.163,0.0,"RT @BBCiPlayer: Witness the might of female factory workers in Dagenham, who fought for equal pay in 1968. üí™ üôåüèæ 
#MadeinDagenham: https://t‚Ä¶",BBC
160,0.6369,2018-06-13 16:30:31,0.819,0.0,0.181,"RT @BBCOne: There are some ingredients that even Britain‚Äôs best home cooks can‚Äôt get on board with. #BBHC ü§î

@Chris_Bavin https://t.co/whDV‚Ä¶",BBC
161,0.6369,2018-06-13 16:30:31,0.819,0.0,0.181,"RT @BBCOne: There are some ingredients that even Britain‚Äôs best home cooks can‚Äôt get on board with. #BBHC ü§î

@Chris_Bavin https://t.co/whDV‚Ä¶",BBC
162,0.3612,2018-06-13 18:01:04,0.839,0.0,0.161,üòÅ Russian workers being taught how to smile more ahead of the World Cup.  https://t.co/Qv9BoVmX25,BBC
163,0.3612,2018-06-13 18:01:04,0.839,0.0,0.161,üòÅ Russian workers being taught how to smile more ahead of the World Cup.  https://t.co/Qv9BoVmX25,BBC
164,-0.4005,2018-06-13 18:28:04,0.863,0.137,0.0,"Discover the story of how Kensington became the most unequal place in Britain. 

Before Grenfell: A Hidden History‚Ä¶ https://t.co/68V4lSl8ee",BBC
165,-0.4005,2018-06-13 18:28:04,0.863,0.137,0.0,"Discover the story of how Kensington became the most unequal place in Britain. 

Before Grenfell: A Hidden History‚Ä¶ https://t.co/68V4lSl8ee",BBC
166,0.0,2018-06-13 19:03:07,1.0,0.0,0.0,"Anatomist @theAliceRoberts embarks on a quest to rebuild her own body from scratch. 

Can Science Make Me Perfect?‚Ä¶ https://t.co/MSu2XCAYqw",BBC
167,0.0,2018-06-13 19:03:07,1.0,0.0,0.0,"Anatomist @theAliceRoberts embarks on a quest to rebuild her own body from scratch. 

Can Science Make Me Perfect?‚Ä¶ https://t.co/MSu2XCAYqw",BBC
168,0.8074,2018-06-14 07:01:03,0.52,0.0,0.48,"Could one 'super bacteria‚Äô help to feed our growing world? 
#BBCTakingTheTemperature https://t.co/ShjZWSewSw",BBC
169,0.8074,2018-06-14 07:01:03,0.52,0.0,0.48,"Could one 'super bacteria‚Äô help to feed our growing world? 
#BBCTakingTheTemperature https://t.co/ShjZWSewSw",BBC
170,0.0,2018-06-14 07:27:04,1.0,0.0,0.0,"How our teenage years shape our personality. 
üëâ https://t.co/QJTAN44EEc https://t.co/jnEjheADKI",BBC
171,0.0,2018-06-14 07:27:04,1.0,0.0,0.0,"How our teenage years shape our personality. 
üëâ https://t.co/QJTAN44EEc https://t.co/jnEjheADKI",BBC
172,0.0,2018-06-14 08:01:02,1.0,0.0,0.0,üìö These Belgian students are revising for exams with monks at a monastery.  https://t.co/JKkUt9hSuA,BBC
173,0.0,2018-06-14 08:01:02,1.0,0.0,0.0,üìö These Belgian students are revising for exams with monks at a monastery.  https://t.co/JKkUt9hSuA,BBC
174,-0.3182,2018-06-14 09:15:10,0.827,0.173,0.0,ICE came for a Tennessee town‚Äôs immigrants. The town fought back. https://t.co/ExoLeVwxW8 https://t.co/Pkf30KAKxR,nytimes
175,-0.2263,2018-06-14 09:30:10,0.924,0.076,0.0,"RT @cmontefiore: Macquarie Street in #Hobart - in a few hours traffic will be stopped, the road dug up, and artist Mike Parr will be buried‚Ä¶",nytimes
176,0.0,2018-06-14 09:44:02,1.0,0.0,0.0,"""This may not be a World Cup that changes how the world sees Russia. But it could be a World Cup that changes how R‚Ä¶ https://t.co/1uQLbY5pMy",nytimes
177,-0.4588,2018-06-14 10:01:26,0.889,0.111,0.0,RT @emmagf: The Taxi of Tomorrow was supposed to become the standard cab in New York City. Now the city has abandoned that idea: https://t.‚Ä¶,nytimes
178,0.3612,2018-06-14 10:16:01,0.898,0.0,0.102,"RT @nytimesworld: ‚ÄúStreet and after street, it was like some sort of military operation.‚Äù Laundry was draped outside homes and shops, and e‚Ä¶",nytimes
179,0.0,2018-06-14 10:31:03,1.0,0.0,0.0,"""We have been basing our policy on the basis that the U.S. is a credible partner,"" said a former Japanese ambassado‚Ä¶ https://t.co/jBNcGCey0p",nytimes
180,0.3445,2018-06-14 10:45:09,0.709,0.138,0.154,"""We were all kind of worried he might be too tired to do so but thankfully the little guy kept going""‚Ä¶ https://t.co/IlSsWHL0pq",nytimes
181,0.0,2018-06-14 11:00:14,1.0,0.0,0.0,Stephen Bannon is betting that Bitcoin and other cryptocurrencies can disrupt banking the way President Trump disru‚Ä¶ https://t.co/6EIr2wkySC,nytimes
182,0.6124,2018-06-14 11:00:18,0.597,0.138,0.264,"üòçüêê 'Love is evil ‚Äì it will make you fall in love with a goat.'

12 Russian proverbs to get you through the‚Ä¶ https://t.co/UoHrrXNBIg",BBC
183,0.6124,2018-06-14 11:00:18,0.597,0.138,0.264,"üòçüêê 'Love is evil ‚Äì it will make you fall in love with a goat.'

12 Russian proverbs to get you through the‚Ä¶ https://t.co/UoHrrXNBIg",BBC
184,0.0,2018-06-14 11:21:04,1.0,0.0,0.0,Morning¬†Briefing: Here's what you need to know to start your day https://t.co/Dlbt6tUhqH https://t.co/xH8Bky2PMX,nytimes
185,-0.5574,2018-06-14 11:29:02,0.841,0.159,0.0,"""We learned of how whole families died huddled together in corridors, a mother found with her 6-month-old baby in t‚Ä¶ https://t.co/YODYIoctZF",nytimes
186,0.0258,2018-06-14 11:45:10,0.773,0.111,0.116,"Stephen Colbert welcomed an odd couple on Wednesday: Michael Avenatti, the lawyer for Stephanie Clifford, and Antho‚Ä¶ https://t.co/I3Avw7iUej",nytimes
187,-0.0516,2018-06-14 12:00:08,0.691,0.159,0.15,"Your daily @DealBook Briefing:

‚Ä¢ Comcast and Disney are at war. Murdoch wins either way.

‚Ä¢ WeWork wants more mone‚Ä¶ https://t.co/OGbBmFd2rB",nytimes
188,0.4753,2018-06-14 12:01:05,0.808,0.0,0.192,‚ù§Ô∏èüê∂ From stray dog to downward facing dog.... Amaloh is one lucky pooch! https://t.co/980DE0YdmS,BBC
189,0.4753,2018-06-14 12:01:05,0.808,0.0,0.192,‚ù§Ô∏èüê∂ From stray dog to downward facing dog.... Amaloh is one lucky pooch! https://t.co/980DE0YdmS,BBC
190,-0.34,2018-06-14 12:11:30,0.902,0.098,0.0,"RT @BBCNews: Grenfell Tower, and 12 other London buildings, illuminated green to mark one year since the fire that claimed 72 lives 

A nat‚Ä¶",BBC
191,-0.34,2018-06-14 12:11:30,0.902,0.098,0.0,"RT @BBCNews: Grenfell Tower, and 12 other London buildings, illuminated green to mark one year since the fire that claimed 72 lives 

A nat‚Ä¶",BBC
192,-0.7849,2018-06-14 12:15:06,0.711,0.289,0.0,"""It's never a good look when Pakistan, where people are killed for blasphemy, is speaking approvingly of your laws,‚Ä¶ https://t.co/8wFqvVTIZQ",nytimes
193,0.3774,2018-06-14 12:24:25,0.681,0.088,0.231,üòÇ‚öΩÔ∏è There's no official England #WorldCup song so we're backing our friends at @CBeebiesHQ who want to make this th‚Ä¶ https://t.co/T4RLt9VxUl,BBC
194,0.3774,2018-06-14 12:24:25,0.681,0.088,0.231,üòÇ‚öΩÔ∏è There's no official England #WorldCup song so we're backing our friends at @CBeebiesHQ who want to make this th‚Ä¶ https://t.co/T4RLt9VxUl,BBC
195,0.4215,2018-06-14 12:32:01,0.859,0.0,0.141,"A lawyer said a gatekeeper for Marvel Comics legend Stan Lee is ""a memorabilia collector who inserted himself into‚Ä¶ https://t.co/txtTHS4ltO",nytimes
196,0.4939,2018-06-14 12:46:05,0.849,0.0,0.151,President Trump portrayed his agreement with Kim Jong-un as a signal achievement that meant that North Korea was no‚Ä¶ https://t.co/TfZBFUuA4k,nytimes
197,0.0,2018-06-14 13:00:10,1.0,0.0,0.0,Morning Briefing: Here's what you need to know to start your day https://t.co/d1IaaDlhiJ https://t.co/25k6a60333,nytimes
198,0.541,2018-06-14 13:01:07,0.845,0.0,0.155,"""We gave him some food so hopefully he'll be back"": this fox climbed onto a London roof to sunbathe. ü¶äüòé‚Ä¶ https://t.co/l9mI0SMSbA",BBC
199,0.541,2018-06-14 13:01:07,0.845,0.0,0.155,"""We gave him some food so hopefully he'll be back"": this fox climbed onto a London roof to sunbathe. ü¶äüòé‚Ä¶ https://t.co/l9mI0SMSbA",BBC
200,-0.0258,2018-06-14 13:10:42,0.642,0.155,0.203,"RT @bbcthree: This is what painful sex feels like. #HearHer 

(you'll want sound on) https://t.co/NyMtT7wFK4",BBC
201,-0.0258,2018-06-14 13:10:42,0.642,0.155,0.203,"RT @bbcthree: This is what painful sex feels like. #HearHer 

(you'll want sound on) https://t.co/NyMtT7wFK4",BBC
202,-0.8689,2018-06-14 13:16:02,0.62,0.38,0.0,A 19-year-old man has been indicted on charges that he threatened to murder Bernie Sanders and Kamala Harris ‚Äî and‚Ä¶ https://t.co/1EstaDVc72,nytimes
203,-0.5106,2018-06-14 13:32:01,0.845,0.155,0.0,Michael Cohen will soon be parting from the lawyers who are representing him in a potentially damaging and wide-ran‚Ä¶ https://t.co/Ghj2Hm0HcN,nytimes
204,0.5574,2018-06-14 13:46:05,0.847,0.0,0.153,"In school districts that are mostly rich, white and suburban, boys are much more likely to outperform girls in math‚Ä¶ https://t.co/rQZHE7LEOO",nytimes
205,-0.5411,2018-06-14 14:00:09,0.857,0.143,0.0,"RT @monicadavey1: 12 minutes to O'hare?! Chicago's Mayor Rahm Emanuel says Elon Musk will change the endless, miserable ride to the airport‚Ä¶",nytimes
206,0.4927,2018-06-14 14:11:06,0.862,0.0,0.138,"""It is the most beneficial international situation for Russia right now since 2013, on the eve of the Olympics,"" sa‚Ä¶ https://t.co/n7BkDXxERg",nytimes
207,0.6908,2018-06-14 14:19:03,0.737,0.0,0.263,"Mike Pompeo insisted that United Nations sanctions would remain in place until North Korea had accomplished ""comple‚Ä¶ https://t.co/IsJQQQHot2",nytimes
208,0.0,2018-06-14 14:30:06,1.0,0.0,0.0,"In 2015, police officers in Austria found the decomposing bodies of 71 migrants who had been locked in a truck. On‚Ä¶ https://t.co/aczKGQMUn6",nytimes
209,0.0,2018-06-14 14:52:53,1.0,0.0,0.0,It‚Äôs Russia vs. Saudi Arabia in the first game of the 2018 World Cup. Follow our live coverage for updates and anal‚Ä¶ https://t.co/nk2U5wuOk2,nytimes
210,0.6808,2018-06-14 14:53:44,0.772,0.0,0.228,"Here's your guide to all 32 teams playing in the 2018 World Cup, from first-timer Panama to 4-time winner Germany https://t.co/bVWXVC0rXR",nytimes
211,-0.4215,2018-06-14 14:55:40,0.833,0.167,0.0,"Breaking News: New York is suing the Trump foundation, accusing it of vast lawbreaking. It wants to bar the preside‚Ä¶ https://t.co/Wemz9W8y23",nytimes
212,0.296,2018-06-14 15:07:04,0.752,0.097,0.15,RT @amyfiscus: The nation's immigration judges are increasingly worried that Jeff Sessions is keeping them from delivering justice https://‚Ä¶,nytimes
213,-0.2023,2018-06-14 15:13:23,0.699,0.165,0.136,üíö Hundreds of people have taken part in a silent procession in honour of the 72 people killed in the Grenfell Tower‚Ä¶ https://t.co/uBVXW3wwgs,BBC
214,-0.2023,2018-06-14 15:13:23,0.699,0.165,0.136,üíö Hundreds of people have taken part in a silent procession in honour of the 72 people killed in the Grenfell Tower‚Ä¶ https://t.co/uBVXW3wwgs,BBC
215,-0.2263,2018-06-14 15:15:08,0.888,0.112,0.0,A government earthquake study included a list of potentially vulnerable high-rise buildings in San Francisco. It in‚Ä¶ https://t.co/7Rm1JBS0EW,nytimes
216,-0.5859,2018-06-14 15:30:10,0.78,0.22,0.0,Benjamin Carter Hett presents Hitler's rise as an element of the collapse of a republic confronting dilemmas of glo‚Ä¶ https://t.co/fYmnEqjzK6,nytimes
217,0.0,2018-06-14 15:42:50,1.0,0.0,0.0,Get all the latest #WorldCup updates from journalists on the ground.,nytimes
218,0.0,2018-06-14 15:44:51,1.0,0.0,0.0,Follow the @NYTSports journalists covering the World Cup: https://t.co/2i5aV2Mbt5,nytimes
219,0.0,2018-06-14 15:45:03,1.0,0.0,0.0,"Antarctica is now melting so fast, scientists say, that it will contribute six inches to sea-level rise by 2100 https://t.co/Vk5jZA6gaO",nytimes
220,-0.4404,2018-06-14 15:55:03,0.879,0.121,0.0,"RT @nytvideo: There are roughly 2,000 American troops in Syria. Recently, a statement went out for direct attacks against them. Who sent it‚Ä¶",nytimes
221,0.2263,2018-06-14 16:00:21,0.863,0.0,0.137,"üòÇü¶à  If you haven't seen @AlanDavies1's shark impression, you haven't lived. 
#QI https://t.co/LdUwTLxRps",BBC
222,0.2263,2018-06-14 16:00:21,0.863,0.0,0.137,"üòÇü¶à  If you haven't seen @AlanDavies1's shark impression, you haven't lived. 
#QI https://t.co/LdUwTLxRps",BBC
223,-0.296,2018-06-14 16:05:07,0.909,0.091,0.0,"This weekend, take a culture crawl in Lower Manhattan or head to Queens to get down on it with Kool &amp; the Gang‚Ä¶ https://t.co/cCLnKulEsO",nytimes
224,0.1779,2018-06-14 16:19:32,0.734,0.12,0.147,RT @StrangeAngel: Mastermind or maniac? Explore the brilliant mind of Jack Parsons in #StrangeAngel. Now streaming on CBS All Access: https‚Ä¶,CBS
225,0.1779,2018-06-14 16:19:32,0.734,0.12,0.147,RT @StrangeAngel: Mastermind or maniac? Explore the brilliant mind of Jack Parsons in #StrangeAngel. Now streaming on CBS All Access: https‚Ä¶,CBS
226,0.0,2018-06-14 16:20:10,1.0,0.0,0.0,"Women can wear pants at the Oscars, while graduating from the Naval Academy, and at just about any workplace in Ame‚Ä¶ https://t.co/ou1QUzVhw9",nytimes
227,0.0,2018-06-14 16:35:05,1.0,0.0,0.0,"RT @nytimesbusiness: Federal Reserve chiefs are known for saying little, and making what they did say as opaque as possible. Jerome Powell‚Ä¶",nytimes
228,0.3182,2018-06-14 16:45:05,0.892,0.0,0.108,"To many immigration judges, Jeff Sessions's hard-line agenda is standing in the way of their ability to deliver jus‚Ä¶ https://t.co/XLpclEk0xR",nytimes
229,0.6808,2018-06-14 16:52:34,0.777,0.0,0.223,"Breaking News: James Comey was insubordinate in the Clinton email investigation, but a Justice Department report fo‚Ä¶ https://t.co/s0wmLQbkL0",nytimes
230,0.0,2018-06-14 17:05:02,1.0,0.0,0.0,The converted Walmart has become the largest licensed migrant children‚Äôs shelter in the U.S. ‚Äî a warehouse for near‚Ä¶ https://t.co/6TM8rTqYJH,nytimes
231,0.0,2018-06-14 17:09:19,1.0,0.0,0.0,"The World Cup opened with a speech by Vladimir Putin and a 5-0 victory by Russia, the host, over Saudi Arabia https://t.co/uCoIguA9Ge",nytimes
232,0.0,2018-06-14 17:16:14,1.0,0.0,0.0,"RT @NYTMetro: New York's attorney general calls the Trump Foundation ""little more than a checkbook for payments from Mr. Trump or his busin‚Ä¶",nytimes
233,0.1027,2018-06-14 17:25:05,0.645,0.149,0.206,"When one person‚Äôs beliefs sound like hate speech to another, how do you ensure a more civil political debate? https://t.co/pzKEzAGw6A",nytimes
234,-0.296,2018-06-14 17:30:00,0.833,0.167,0.0,"In case you missed it, watch the entire #TonyAwards now: https://t.co/Bm0yNV3Ff3 https://t.co/h3YnFkmSQJ",CBS
235,-0.296,2018-06-14 17:30:00,0.833,0.167,0.0,"In case you missed it, watch the entire #TonyAwards now: https://t.co/Bm0yNV3Ff3 https://t.co/h3YnFkmSQJ",CBS
236,-0.7906,2018-06-14 17:35:02,0.75,0.25,0.0,RT @nytimesbusiness: A $65 billion bidding war has broken out over Rupert Murdoch's TV businesses. This is what the fuss is all about. http‚Ä¶,nytimes
237,0.0,2018-06-14 17:45:04,1.0,0.0,0.0,"Fed chiefs normally use the royal ‚Äúwe,‚Äù or at least put the committee first when summing up their positions. Jerome‚Ä¶ https://t.co/F8havEPSIe",nytimes
238,-0.3818,2018-06-14 17:55:06,0.841,0.159,0.0,RT @nytimesbusiness: ‚ÄúIt makes no sense to revoke a professional license from someone who is trying to pay their student loans‚Äù https://t.c‚Ä¶,nytimes
239,0.4588,2018-06-14 18:00:25,0.833,0.0,0.167,"'I'm glad you're in my life.'

üíï How dementia has brought together a 71-year-old and an 18-year-old. https://t.co/5yTs9XYxEj",BBC
240,0.4588,2018-06-14 18:00:25,0.833,0.0,0.167,"'I'm glad you're in my life.'

üíï How dementia has brought together a 71-year-old and an 18-year-old. https://t.co/5yTs9XYxEj",BBC
241,0.5106,2018-06-14 18:05:06,0.807,0.0,0.193,Why has President Trump‚Äôs charity faced years of legal scrutiny? And what does the New York attorney general‚Äôs laws‚Ä¶ https://t.co/zKaJuRQmQM,nytimes
242,0.0,2018-06-14 18:15:04,1.0,0.0,0.0,"RT @nytimesarts: ""I never thought I would talk about it.‚Äô So Florence Welch put it in a song. https://t.co/0wXsCswTXJ",nytimes
243,0.5566,2018-06-14 18:23:45,0.759,0.066,0.175,"In Opinion, James Comey writes: 

""I do not agree with all of the inspector general‚Äôs conclusions, but I respect th‚Ä¶ https://t.co/lAyxYOz08G",nytimes
244,0.0,2018-06-14 18:25:06,1.0,0.0,0.0,"""How do I repair my relationship to food in the shadow of a mom who will never change the way she understands weigh‚Ä¶ https://t.co/0beqM3gC2c",nytimes
245,0.6369,2018-06-14 18:35:06,0.766,0.0,0.234,"RT @nytimesworld: Mexico and the U.S. are deeply intertwined through migration, culture, language, history, natural resources and ‚Äî yes ‚Äî s‚Ä¶",nytimes
246,0.6369,2018-06-14 18:45:07,0.776,0.0,0.224,"Ivana Trump returns to the spotlight ‚Ä¶ to promote a diet that promises followers they can ‚Äúeat pasta, cookies and l‚Ä¶ https://t.co/0rJvD4xgED",nytimes
247,-0.3089,2018-06-14 18:55:03,0.861,0.139,0.0,"RT @ginakolata: Mediterranean diet study is retracted and re-analyzed. But not everyone is convinced.
https://t.co/FZPXm8rt9W",nytimes
248,-0.0258,2018-06-14 19:03:07,0.948,0.052,0.0,Anne Robinson meets women from across the UK to find out - 100 years on from suffrage - what's still preventing the‚Ä¶ https://t.co/0Vkrm7bFz6,BBC
249,-0.0258,2018-06-14 19:03:07,0.948,0.052,0.0,Anne Robinson meets women from across the UK to find out - 100 years on from suffrage - what's still preventing the‚Ä¶ https://t.co/0Vkrm7bFz6,BBC
250,0.4404,2018-06-14 19:05:04,0.854,0.0,0.146,"36 Hours in Seville: Take a tapas tour, learn the basics of flamenco, or relax in thermal baths https://t.co/UGkNJ4D6jG",nytimes
251,0.4215,2018-06-14 19:20:06,0.859,0.0,0.141,Leaders of many faiths have spoken out consistently against Trump's immigration policies. What has changed is that‚Ä¶ https://t.co/VQKGdvVrss,nytimes
252,-0.3612,2018-06-14 19:25:28,0.872,0.128,0.0,".@PressSec: ""[@POTUS] was briefed on the IG report earlier today and it reaffirmed the president's suspicions about‚Ä¶ https://t.co/PTfhycRyXb",FoxNews
253,-0.4939,2018-06-14 19:28:55,0.833,0.167,0.0,".@PressSec on NY AG suing Trump Foundation: ""The current acting NY AG has stated that battling the WH is the most i‚Ä¶ https://t.co/drCocBtpFu",FoxNews
254,-0.296,2018-06-14 19:30:10,0.854,0.098,0.049,"RT @MichaelPaulson: ‚ÄúI was afraid she‚Äôd use her magic and accidentally freeze my heart.‚Äù The story of a 3-year-old boy, his dad, and Elsa.‚Ä¶",nytimes
255,0.5423,2018-06-14 19:30:23,0.844,0.0,0.156,".@PressSec on Kim Jong Un, @POTUS meeting: ""The focus of the summit was denuclearization and peace on the peninsula‚Ä¶ https://t.co/I0vBEWiaIN",FoxNews
256,0.5719,2018-06-14 19:32:00,0.837,0.0,0.163,"We're celebrating female voices and achievements across the BBC to mark 100 years since women got the vote. 

Kate‚Ä¶ https://t.co/VbnExFqEI1",BBC
257,0.5719,2018-06-14 19:32:00,0.837,0.0,0.163,"We're celebrating female voices and achievements across the BBC to mark 100 years since women got the vote. 

Kate‚Ä¶ https://t.co/VbnExFqEI1",BBC
258,-0.5267,2018-06-14 19:32:04,0.793,0.207,0.0,Trump's pick for South Korea ambassador says North Korea remains a nuclear threat https://t.co/L15zoBSnlT https://t.co/YQDimT5rHq,CNN
259,0.0,2018-06-14 19:35:49,1.0,0.0,0.0,"""Come on Sarah, you're a parent. Don't you have any empathy for what these people are going through?"" CNN political‚Ä¶ https://t.co/gGPhXt3TXB",CNN
260,-0.4767,2018-06-14 19:36:58,0.769,0.163,0.068,".@PressSec on immigration: ""The separation of illegal alien families is the product of the same legal loopholes tha‚Ä¶ https://t.co/BcvG7PQH2O",FoxNews
261,0.0,2018-06-14 19:39:03,1.0,0.0,0.0,A building in London just sold for $100 million ‚Äî per floor https://t.co/Zvl831oWVc https://t.co/5mXCAUy4Xo,CNN
262,0.128,2018-06-14 19:41:24,0.919,0.0,0.081,".@PressSec on immigration bills: ""[@POTUS has] already laid out a proposal that closes the legal loopholes and prov‚Ä¶ https://t.co/U0bgbcitNz",FoxNews
263,0.0,2018-06-14 19:43:09,1.0,0.0,0.0,Watchdog report revelation: DOJ inspector general refers five FBI employees for investigation over 'hostile' politi‚Ä¶ https://t.co/3u0bu80hxr,FoxNews
264,0.0,2018-06-14 19:45:09,1.0,0.0,0.0,The notes Albert Einstein wrote while traveling through Asia and the Middle East reveal xenophobic views of the peo‚Ä¶ https://t.co/IeqkyX7Sws,nytimes
265,0.0,2018-06-14 19:46:04,1.0,0.0,0.0,"Why in the movies, home is the scariest place to be https://t.co/x8J4mGMshY https://t.co/8VyrCjMe9t",CNN
266,0.802,2018-06-14 19:47:37,0.745,0.0,0.255,".@PressSec on report that she's leaving: ""I can tell you that I show up here every day. I love my job. I'm glad to‚Ä¶ https://t.co/bBPv90KwlU",FoxNews
267,-0.4019,2018-06-14 19:52:33,0.891,0.109,0.0,"John Bussey on IG report: ""The details do kind of underscore the problems in the FBI and with the judgement calls t‚Ä¶ https://t.co/PrFZzHaz5A",FoxNews
268,-0.5423,2018-06-14 19:53:03,0.837,0.163,0.0,What President Trump said about the media is bad. What Republican Rep. Mo Brooks said is even worse.‚Ä¶ https://t.co/F4l46nRljH,CNN
269,0.0,2018-06-14 19:55:07,1.0,0.0,0.0,RT @nytimesbusiness: We reported last year that states were suspending the licenses of people who had defaulted on their student loans ‚Äì ma‚Ä¶,nytimes
270,-0.34,2018-06-14 20:00:19,0.87,0.13,0.0,"RNC chair tries to clarify tweet saying those opposed to Trump agenda are ""making a mistake"" https://t.co/ZiRTjsoMar https://t.co/VBexBkkE93",CNN
271,-0.7964,2018-06-14 20:02:51,0.738,0.262,0.0,"AG Jeff Sessions on immigration policy: Illegal entry into the US is a crime; ""I would cite you to the apostle Paul‚Ä¶ https://t.co/yi5p2xtT9x",CNN
272,0.3612,2018-06-14 20:05:04,0.865,0.0,0.135,"Recipes in 19th-century cookbooks relied on measurements like a ""handful"" of rice or a ""goodly amount"" of molasses‚Ä¶ https://t.co/cQoObwmpIz",nytimes
273,0.0,2018-06-14 20:06:42,1.0,0.0,0.0,".@Comey used personal email to conduct FBI business, watchdog report finds https://t.co/U7JdsNTr5Q",FoxNews
274,-0.6486,2018-06-14 20:07:03,0.694,0.306,0.0,Vice President Mike Pence's shameless suck up to the boss https://t.co/hRuNAu3MyN (via @CNNOpinion) https://t.co/C7cI5QoDX7,CNN
275,0.0,2018-06-14 20:10:07,1.0,0.0,0.0,".@RepMarkMeadows on the DOJ IG report: ""This is the tip of the iceberg."" #Cavuto https://t.co/jzIMFufscP https://t.co/kMLbFsmSuG",FoxNews
276,0.0,2018-06-14 20:14:04,1.0,0.0,0.0,Apple is starting a music publishing business https://t.co/g2mQYAqL74 https://t.co/eSuGXFqVgL,CNN
277,-0.7645,2018-06-14 20:14:21,0.572,0.332,0.096,"'Angered and deeply disappointed'

Lawmakers from both parties slam the FBI and @Comey after the release of the DOJ‚Ä¶ https://t.co/wbIZrLmkB9",FoxNews
278,0.0,2018-06-14 20:15:47,1.0,0.0,0.0,"CNN's Jim Acosta asks about family separations at the border: ""Why is the government doing this?""

White House pres‚Ä¶ https://t.co/fFCHQGCE4p",CNN
279,-0.1761,2018-06-14 20:17:06,0.918,0.082,0.0,".@RepMarkMeadows: ""It is just extremely concerning that we would have this kind of bias in the premier law enforcem‚Ä¶ https://t.co/BKjExQbBNI",FoxNews
280,0.3076,2018-06-14 20:20:08,0.682,0.132,0.186,"Happy Flag Day! But are you flying it wrong? Can a flag touch the ground? Your questions, answered. https://t.co/cSymHh2wgb",nytimes
281,-0.1027,2018-06-14 20:21:03,0.903,0.097,0.0,Russian lawmaker warns women against sex with foreigners during the World Cup https://t.co/S0e3DcebaL https://t.co/wfQGp8ujxR,CNN
282,0.0,2018-06-14 20:24:07,1.0,0.0,0.0,"Former DOJ official Tom Dupree on the Russia investigation: ""I think if you're Bob Mueller, you have to view Jim‚Ä¶ https://t.co/uKm5hAWQtY",FoxNews
283,0.3612,2018-06-14 20:27:58,0.872,0.0,0.128,"White House press secretary Sarah Sanders said President Donald Trump was using ""common courtesy"" when he returned‚Ä¶ https://t.co/5lRKRljctZ",CNN
284,-0.1779,2018-06-14 20:28:07,0.513,0.274,0.214,Americans are spending like mad again https://t.co/xpTW66twUm https://t.co/wqBqEOhi8J,CNN
285,0.0,2018-06-14 20:29:25,1.0,0.0,0.0,"Democrats @SenSchumer , @SenFeinstein and Rep. @NancyPelosi make remarks after the @JusticeOIG released his report‚Ä¶ https://t.co/5QClEWYSuO",FoxNews
286,0.0,2018-06-14 20:30:57,1.0,0.0,0.0,"IG refers five FBI employees for investigation, as more anti-Trump messages revealed - via @brookefoxnews 
https://t.co/wEEIC0IE6g",FoxNews
287,0.5859,2018-06-14 20:31:03,0.78,0.0,0.22,Vladimir Putin saw the World Cup as a chance to showcase his country. Not everyone likes what they see. https://t.co/kbcNCtI4Fy,nytimes
288,0.5267,2018-06-14 20:32:28,0.848,0.0,0.152,RT @TheLeadCNN: The Justice Department's internal watchdog found that former FBI Director James Comey's actions in the Hillary Clinton emai‚Ä¶,CNN
289,0.0,2018-06-14 20:34:52,1.0,0.0,0.0,'Don't You Have Any Empathy?!': Playboy Reporter Goes After Sanders on Migrant Kids Being Separated From Parents. https://t.co/K7giEvC3OR,FoxNews
290,0.0,2018-06-14 20:35:04,1.0,0.0,0.0,From a roar to a whirr ‚Äî MotoGP goes electric https://t.co/EMzCSyLPKg https://t.co/1xg3wu81GC,CNN
291,0.0,2018-06-14 20:41:07,1.0,0.0,0.0,Russian President Vladimir Putin met with a senior North Korean official in Moscow and invited North Korean leader‚Ä¶ https://t.co/kQh7DqGSAP,CNN
292,0.0,2018-06-14 20:43:51,1.0,0.0,0.0,"Earlier, @VP Mike Pence tweeted that he is looking forward to seeing @SteveScalise return to the field for the annu‚Ä¶ https://t.co/83b39PDrFr",FoxNews
293,0.0,2018-06-14 20:45:03,1.0,0.0,0.0,"Wrap, seal and cook https://t.co/FfeBMKh0W3 https://t.co/dP18JuPnFq",nytimes
294,0.0,2018-06-14 20:45:03,1.0,0.0,0.0,"Wrap, seal and cook https://t.co/FfeBMKh0W3 https://t.co/dP18JuPnFq",nytimes
295,0.0,2018-06-14 20:47:18,1.0,0.0,0.0,"Today is #FlagDay. As the national debate on flag conduct continues, here's a refresher on the US Flag Code‚Ä¶ https://t.co/6D1NIsR9tQ",CNN
296,0.0,2018-06-14 20:48:26,0.688,0.156,0.156,".@SenFeinstein: ""What the @JusticeOIG did conclude was that James @Comey violated Department of Justice policies on‚Ä¶ https://t.co/7yyDHhv1RF",FoxNews
297,0.0,2018-06-14 20:51:05,1.0,0.0,0.0,American Express launches new cash back card https://t.co/vcHdD44kFd https://t.co/TKmizNlRrx,CNN
298,-0.3182,2018-06-14 20:56:48,0.777,0.223,0.0,This California ghost town is for sale https://t.co/uuhzbWCzZT https://t.co/RwxR1OZrGa,CNN
299,0.0,2018-06-14 20:59:13,1.0,0.0,0.0,".@RepValDemings: ""What we do know is that there is nothing in the IG report that demonstrates that any action taken‚Ä¶ https://t.co/JL9Pja7wy2",FoxNews
300,0.0,2018-06-14 21:00:16,1.0,0.0,0.0,Dads are now at the center of the style universe https://t.co/XHkvTEQsNp,nytimes
301,0.0,2018-06-14 21:00:16,1.0,0.0,0.0,Dads are now at the center of the style universe https://t.co/XHkvTEQsNp,nytimes
302,0.1027,2018-06-14 21:01:05,0.928,0.0,0.072,"Seth Rogen and Evan Goldberg, who directed the 2014 movie ""The Interview, have admitted that they experienced a sen‚Ä¶ https://t.co/DYibbo4CEb",CNN
303,0.516,2018-06-14 21:05:18,0.693,0.086,0.221,"BEAR'S BEST FRIEND: Most folks might run away in fear after coming face-to-face with a bear, but not 5-year-old Ian‚Ä¶ https://t.co/YbYbqqCP5T",FoxNews
304,-0.4939,2018-06-14 21:06:03,0.758,0.242,0.0,Stolen Christopher Columbus letter to be returned to Vatican https://t.co/2Qr1sGz2QO https://t.co/hQp2gDWJ4i,CNN
305,0.34,2018-06-14 21:07:21,0.876,0.0,0.124,".@nikkihaley and other ambassadors on the @UN Security Council posed for a photo op Thursday, each wearing a jersey‚Ä¶ https://t.co/SSGWVaMO6s",FoxNews
306,0.0,2018-06-14 21:11:05,1.0,0.0,0.0,Volvo is the latest automaker to bet on this whiz kid's startup https://t.co/ob7wv511Rp https://t.co/87r75LSYtY,CNN
307,0.34,2018-06-14 21:11:22,0.87,0.0,0.13,"IG report: DOJ official sought Clinton campaign job for son, then shared case info with Podesta https://t.co/Uv5VGCI7hz",FoxNews
308,-0.5267,2018-06-14 21:15:08,0.841,0.159,0.0,".@BretBaier on @JusticeOIG report: ""The big loser: James @Comey. This IG really goes after the former @FBI director‚Ä¶ https://t.co/kifryKTm3T",FoxNews
309,0.0,2018-06-14 21:16:09,1.0,0.0,0.0,These are Swiss Institute director Simon Castets' picks for what to see outside the Art Basel fair‚Ä¶ https://t.co/0GcLnZZOQN,CNN
310,0.0,2018-06-14 21:17:02,1.0,0.0,0.0,RT @lauriegnyt: Focus on the family? Conservative religious leaders who have long preached about the sanctity of the family are speaking ou‚Ä¶,nytimes
311,0.0,2018-06-14 21:17:02,1.0,0.0,0.0,RT @lauriegnyt: Focus on the family? Conservative religious leaders who have long preached about the sanctity of the family are speaking ou‚Ä¶,nytimes
312,0.0,2018-06-14 21:17:30,1.0,0.0,0.0,"James Comey used a personal Gmail account for official government business while FBI director, after leading the in‚Ä¶ https://t.co/LINvyFL3cB",CNN
313,0.0,2018-06-14 21:17:34,1.0,0.0,0.0,".@kimguilfoyle on IG report: ""There you go, @HillaryClinton, the rules of law do not apply to her or to Mr. @Comey.‚Ä¶ https://t.co/eggwIpeoay",FoxNews
314,0.1027,2018-06-14 21:19:04,0.928,0.0,0.072,"Seth Rogen and Evan Goldberg, who directed the 2014 movie ""The Interview,"" have admitted that they experienced a se‚Ä¶ https://t.co/USjtlASVyi",CNN
315,0.6597,2018-06-14 21:21:01,0.803,0.0,0.197,RT @TheLeadCNN: Comey erred in his decision not to coordinate with his superiors at the Justice Department at key moments in the Clinton em‚Ä¶,CNN
316,-0.3744,2018-06-14 21:21:08,0.891,0.109,0.0,"For a 100 million Egyptians the wait is over ‚Äî and so is the tension over whether the country's most famous star, M‚Ä¶ https://t.co/HWNqG1yWmt",CNN
317,-0.4939,2018-06-14 21:21:29,0.686,0.209,0.105,"RT @TheLeadCNN: The people who were mad about then-President Obama saluting with a coffee cup in his hand would ‚Äú100% be mad about this, if‚Ä¶",CNN
318,0.0,2018-06-14 21:23:46,1.0,0.0,0.0,".@kimguilfoyle on IG report: ""This is really egregious. You're talking about the FBI that is held to the highest re‚Ä¶ https://t.co/ryGTkf1rag",FoxNews
319,0.5267,2018-06-14 21:27:49,0.815,0.0,0.185,"White House press secretary Sarah Sanders said a newly released Justice Department watchdog report ""reaffirmed the‚Ä¶ https://t.co/ZWHKDVeffn",CNN
320,0.0258,2018-06-14 21:28:57,0.726,0.134,0.14,"CA Attorney: California Is 'Like a Drunk, It Has to Hit Rock-Bottom' Before Things Change https://t.co/iDacbAmum4",FoxNews
321,0.296,2018-06-14 21:31:06,0.845,0.0,0.155,Elon Musk spends his own money to buy Tesla shares ‚Äî again https://t.co/eljpaxoOIM https://t.co/RN9MNxhe6I,CNN
322,0.6908,2018-06-14 21:32:01,0.769,0.0,0.231,A big question hangs over HBO. How will the creative talent behind ‚ÄúThe Sopranos‚Äù and ‚ÄúGame of Thrones‚Äù get along w‚Ä¶ https://t.co/YzfCdgVHtx,nytimes
323,0.6908,2018-06-14 21:32:01,0.769,0.0,0.231,A big question hangs over HBO. How will the creative talent behind ‚ÄúThe Sopranos‚Äù and ‚ÄúGame of Thrones‚Äù get along w‚Ä¶ https://t.co/YzfCdgVHtx,nytimes
324,0.1779,2018-06-14 21:32:14,0.884,0.0,0.116,.@AlanDersh on IG report: DOJ watchdog should have been much tougher on Comey https://t.co/Vld8KwEjmx,FoxNews
325,0.5267,2018-06-14 21:32:26,0.815,0.0,0.185,FBI Director Christopher Wray holds a news conference on the Department of Justice Inspector General report.‚Ä¶ https://t.co/3TLL48i6HI,FoxNews
326,0.0,2018-06-14 21:33:21,1.0,0.0,0.0,TONIGHT: Reps. Trey Gowdy and Bob Goodlatte speak to @BretBaier. Tune in to @SpecialReport on Fox News Channel at 6‚Ä¶ https://t.co/X4yFPxqEz0,FoxNews
327,0.5719,2018-06-14 21:33:59,0.734,0.0,0.266,"FBI Director Christopher Wray: ""I appreciate the IG's work on this important review."" https://t.co/NxlYbIlejC https://t.co/RSIF4nGEoe",FoxNews
328,0.0,2018-06-14 21:35:19,1.0,0.0,0.0,The FBI holds a news conference on the DOJ watchdog's report on the Hillary Clinton email probe. Watch CNN:‚Ä¶ https://t.co/irhwASCYFN,CNN
329,0.5267,2018-06-14 21:35:37,0.833,0.0,0.167,RT @CNNMoney: JUST IN: The Justice Department will not seek a stay in the AT&amp;T-Time Warner case https://t.co/BZgqsQho1m https://t.co/f42IL9‚Ä¶,CNN
330,0.1548,2018-06-14 21:36:46,0.805,0.084,0.11,"FBI Director Christopher Wray on IG report: ""I take this report very seriously and we accept its findings and recom‚Ä¶ https://t.co/U1fsKWVNXa",FoxNews
331,0.3818,2018-06-14 21:38:04,0.867,0.0,0.133,"FBI Director Christopher Wray: ""The FBI's mission is to protect the American people and uphold the Constitution.""‚Ä¶ https://t.co/d4IWjBSW7s",FoxNews
332,-0.7964,2018-06-14 21:38:04,0.664,0.336,0.0,"She often harbored suicidal thoughts. Now, this teen is using technology to fight them. https://t.co/jWlnuCmSf2 https://t.co/AxQSbStZG2",CNN
333,0.0,2018-06-14 21:39:34,1.0,0.0,0.0,"RT @CNNSitRoom: ‚ÄúReturning a salute is not the same as saluting someone, you always return a salute given to you,‚Äù Rep. Issa says about Tru‚Ä¶",CNN
334,-0.1027,2018-06-14 21:40:07,0.924,0.076,0.0,"FBI Director Christopher Wray: ""This report did not find any evidence of political bias or improper considerations‚Ä¶ https://t.co/lFoqTR9TXD",FoxNews
335,0.0,2018-06-14 21:42:00,1.0,0.0,0.0,"FBI Director Christopher Wray: ""We need to hold ourselves accountable for the choices we make and the work we do."" https://t.co/YnOXxQhpQT",FoxNews
336,-0.7845,2018-06-14 21:42:22,0.669,0.331,0.0,"FBI Director Christopher Wray: ""The report does identify errors of judgment, violations of or even disregard for po‚Ä¶ https://t.co/5cuXO23LXg",FoxNews
337,-0.1027,2018-06-14 21:44:53,0.931,0.069,0.0,FBI Director Christopher Wray says the inspector general report ‚Äúdid not find any evidence of political bias or imp‚Ä¶ https://t.co/8rdUKwLf0S,CNN
338,-0.4215,2018-06-14 21:45:08,0.797,0.203,0.0,Rallies protesting immigrant family separations will take place across US https://t.co/Gqj2wiCcl2 https://t.co/WnREMfxxyb,CNN
339,-0.4678,2018-06-14 21:46:29,0.845,0.155,0.0,"RT @CNNSitRoom: The IG is right to condemn the ""astonishingly bad judgment"" by a few of the FBI employees, but the report is an ""exoneratio‚Ä¶",CNN
340,0.6597,2018-06-14 21:47:04,0.779,0.0,0.221,This week's primaries showed just how much the Republican Party has become the party of Trump and that its politici‚Ä¶ https://t.co/YmL7PBRx3o,nytimes
341,0.6597,2018-06-14 21:47:04,0.779,0.0,0.221,This week's primaries showed just how much the Republican Party has become the party of Trump and that its politici‚Ä¶ https://t.co/YmL7PBRx3o,nytimes
342,-0.8225,2018-06-14 21:48:00,0.703,0.297,0.0,"FBI Director Christopher Wray on the FBI: ""Just in the past several months, we've disrupted terrorist attacks in pl‚Ä¶ https://t.co/uth2aaj436",FoxNews
343,0.3182,2018-06-14 21:49:11,0.887,0.0,0.113,"FBI Director Christopher Wray on IG report: ""We're gonna make sure that every FBI employee understands the lessons‚Ä¶ https://t.co/XvUtOEew9G",FoxNews
344,0.0,2018-06-14 21:50:36,1.0,0.0,0.0,"FBI Director Christopher Wray said the FBI will ""hold employees accountable for any potential misconduct"" in respon‚Ä¶ https://t.co/GKS0braNhZ",CNN
345,-0.25,2018-06-14 21:52:05,0.889,0.111,0.0,This is not the first time Trump unwittingly starred in foreign propaganda https://t.co/0pwZRqJGfC | Analysis by Z.‚Ä¶ https://t.co/hhRf6nwQvO,CNN
346,-0.2023,2018-06-14 21:53:27,0.739,0.148,0.113,"FBI Director Christopher Wray on leaking: ""We're going to make painfully clear to everybody that we won't tolerate‚Ä¶ https://t.co/z93I2VzNz0",FoxNews
347,-0.2023,2018-06-14 21:56:18,0.913,0.087,0.0,"FBI Director Christopher Wray on IG report: ""There's some sobering lessons in there and we're gonna learn those les‚Ä¶ https://t.co/NOPhw9JiHC",FoxNews
348,-0.1027,2018-06-14 21:59:06,0.583,0.225,0.192,Prominent Iranian human rights lawyer detained again https://t.co/1uN4dAJnnq https://t.co/uhw9x4c4mo,CNN
349,0.0,2018-06-14 22:00:00,1.0,0.0,0.0,TUNE IN: Reps. Trey Gowdy and Bob Goodlatte speak to @BretBaier. Watch @SpecialReport now on Fox News Channel!‚Ä¶ https://t.co/E1GgQSR7Ty,FoxNews
350,-0.4767,2018-06-14 22:02:03,0.886,0.114,0.0,RT @NYTimesAtWar: Helmets that were the wrong size and vehicles that partner nations do not have the parts to maintain are just some of the‚Ä¶,nytimes
351,-0.4767,2018-06-14 22:02:03,0.886,0.114,0.0,RT @NYTimesAtWar: Helmets that were the wrong size and vehicles that partner nations do not have the parts to maintain are just some of the‚Ä¶,nytimes
352,0.0,2018-06-14 22:09:19,1.0,0.0,0.0,"Rep. @TGowdySC on the DOJ IG report: ""Just what a dark day it is for the FBI and the DOJ."" #SpecialReport‚Ä¶ https://t.co/YDu3RsimPE",FoxNews
353,0.0,2018-06-14 22:10:41,1.0,0.0,0.0,Garry Hartman runs one of the few chassis manufacturers left in the US. But stiff competition from China is making‚Ä¶ https://t.co/qWROorXAHY,CNN
354,0.4019,2018-06-14 22:11:16,0.856,0.0,0.144,".@RepGoodlatte: ""This report shows that there was special treatment given to @HillaryClinton in the investigation o‚Ä¶ https://t.co/xNJhmBRRsD",FoxNews
355,0.0,2018-06-14 22:15:35,1.0,0.0,0.0,House Majority Whip @SteveScalise has left the Capitol for tonight's Congressional Baseball Game. Scalise was wound‚Ä¶ https://t.co/ER66jhnfAm,FoxNews
356,-0.4215,2018-06-14 22:16:02,0.843,0.157,0.0,Mixed martial arts star Conor McGregor expresses regret over bus brawl after brief court appearance‚Ä¶ https://t.co/998SG8agNn,CNN
357,0.0,2018-06-14 22:17:04,1.0,0.0,0.0,She received an anonymous letter asking her to use a dryer or hang her laundry indoors. It backfired spectacularly. https://t.co/juc3x9V6nY,nytimes
358,0.0,2018-06-14 22:17:04,1.0,0.0,0.0,She received an anonymous letter asking her to use a dryer or hang her laundry indoors. It backfired spectacularly. https://t.co/juc3x9V6nY,nytimes
359,-0.5267,2018-06-14 22:21:04,0.779,0.221,0.0,UN calls for international inquiry into human rights violations in Kashmir https://t.co/jv3agMGbHP https://t.co/gYg23Bm2mc,CNN
360,-0.0191,2018-06-14 22:21:10,0.946,0.054,0.0,"Rep. @TGowdySC: ""It doesn't matter what Mueller comes up with, some people are going to believe because [FBI Specia‚Ä¶ https://t.co/50dowrwRpR",FoxNews
361,0.0,2018-06-14 22:22:18,1.0,0.0,0.0,"Seven highlights from bombshell IG report.
https://t.co/PasbyXR84v",FoxNews
362,-0.5574,2018-06-14 22:24:32,0.816,0.184,0.0,"Rob Rogers, an award-winning editorial cartoonist for the Pittsburgh Post-Gazette, has announced that he was fired‚Ä¶ https://t.co/vnW1rIayz9",CNN
363,0.5106,2018-06-14 22:26:00,0.837,0.0,0.163,It's #FlagDay. Here are some fun facts about the American flag you may not have known. https://t.co/zqJv4O2BmL https://t.co/iUgsmPL4J2,CNN
364,-0.3818,2018-06-14 22:28:05,0.809,0.191,0.0,Troops to teachers brings service from the battlefield to the classroom. https://t.co/8G6hSPb9VN,FoxNews
365,-0.6126,2018-06-14 22:29:27,0.792,0.208,0.0,"Rep. @TGowdySC: ""All of us have lost when we have a department and a bureau that we can not have confidence in.""‚Ä¶ https://t.co/p3WpsZ5zZb",FoxNews
366,0.6369,2018-06-14 22:31:10,0.575,0.119,0.305,"RNC chair's tweet spells doom for the party I love, writes S.E. Cupp for @CNNOpinion https://t.co/6UsntujTRs https://t.co/iTPS7petTK",CNN
367,0.0,2018-06-14 22:32:01,1.0,0.0,0.0,"U.S. Open 2018 live: leaderboard and first round updates
https://t.co/wnjdfwhyFx",nytimes
368,0.0,2018-06-14 22:32:01,1.0,0.0,0.0,"U.S. Open 2018 live: leaderboard and first round updates
https://t.co/wnjdfwhyFx",nytimes
369,-0.6249,2018-06-14 22:36:00,0.638,0.362,0.0,Arkansas highway drenched in Fireball whiskey after fiery semi-truck crash. https://t.co/TNs1mVGEAp,FoxNews
370,0.0,2018-06-14 22:36:07,1.0,0.0,0.0,Three Californias? Billionaires' fantasy world is on the ballot | By Jeff Yang via @CNNOpinion‚Ä¶ https://t.co/CiymVADM4D,CNN
371,0.5574,2018-06-14 22:41:00,0.816,0.0,0.184,North Korea's state media depict Kim as hero and star of the Singapore summit with @POTUS. https://t.co/VqCJLjY7Nu,FoxNews
372,0.0,2018-06-14 22:41:03,1.0,0.0,0.0,"""Stranger Things"" star Millie Bobby Brown leaves Twitter amid cyberbulling https://t.co/JB5h4Vk0iL https://t.co/3kFSSSevtJ",CNN
373,-0.6705,2018-06-14 22:46:03,0.809,0.191,0.0,"The brother of the gunman who killed 17 students and adults at a Parkland, Florida, school has announced the launch‚Ä¶ https://t.co/ihTzoNzWMW",CNN
374,-0.0772,2018-06-14 22:47:00,0.657,0.182,0.161,"FBI Director Wray admits mistakes made, stands by his investigators. https://t.co/zGyaD81qZQ",FoxNews
375,0.0,2018-06-14 22:47:03,1.0,0.0,0.0,"RT @ksacknyt: I spent a few weeks investigating the business record of the GOP frontrunner for governor in Georgia, Lt. Gov. Casey Cagle. I‚Ä¶",nytimes
376,0.0,2018-06-14 22:47:03,1.0,0.0,0.0,"RT @ksacknyt: I spent a few weeks investigating the business record of the GOP frontrunner for governor in Georgia, Lt. Gov. Casey Cagle. I‚Ä¶",nytimes
377,0.0,2018-06-14 22:47:43,1.0,0.0,0.0,RT @CNNSitRoom: Attorney General Jeff Sessions cites the Bible in defending the Trump administration's immigration policies resulting in fa‚Ä¶,CNN
378,0.0516,2018-06-14 22:48:50,0.921,0.0,0.079,Nigerian President Muhammadu Buhari offers national apology for presidential election annulled 25 years ago‚Ä¶ https://t.co/mKIOneKyU9,CNN
379,-0.1027,2018-06-14 22:49:01,0.935,0.065,0.0,".@CharlesHurt on the DOJ IG report: ""The whole report also shows rampant political bias all up and down the system.‚Ä¶ https://t.co/90LJ0KV0zt",FoxNews
380,-0.2023,2018-06-14 22:51:04,0.847,0.153,0.0,Roseanne Barr insists her controversial tweet was about anti-Semitism https://t.co/OxBDqd8dEs https://t.co/W1GHF9hWLm,CNN
381,0.0,2018-06-14 22:52:52,1.0,0.0,0.0,RT @CNNSitRoom: Mark @PrestonCNN reads from the GOP platform: ‚ÄúChildren raised in a two-parent household tend to be physically and emotiona‚Ä¶,CNN
382,0.0,2018-06-14 22:56:44,1.0,0.0,0.0,.@HillaryClinton gives a 3-word reaction to the DOJ IG findings. https://t.co/sPQoJRrWQp,FoxNews
383,0.4902,2018-06-14 22:59:08,0.842,0.0,0.158,".@ChuckLane1: ""If Jim @Comey had followed policy and practice, he be would so much better off today.""‚Ä¶ https://t.co/7YSkvEnSHE",FoxNews
384,0.7125,2018-06-14 23:01:52,0.702,0.0,0.298,PLAY BALL: Republicans and Democrats face off in the #CongressionalBaseballGame for charity.  (Courtesy: MLB Networ‚Ä¶ https://t.co/MGQtnLq6dv,FoxNews
385,0.0,2018-06-14 23:02:07,1.0,0.0,0.0,Evening Briefing: Here's what you need to know at the end of the day https://t.co/uIEwWKsrso,nytimes
386,0.0,2018-06-14 23:02:07,1.0,0.0,0.0,Evening Briefing: Here's what you need to know at the end of the day https://t.co/uIEwWKsrso,nytimes
387,-0.7964,2018-06-14 23:02:07,0.738,0.262,0.0,"AG Jeff Sessions on immigration policy: Illegal entry into the US is a crime; ""I would cite you to the apostle Paul‚Ä¶ https://t.co/FPgJdWiVnq",CNN
388,0.0,2018-06-14 23:06:07,1.0,0.0,0.0,"Attorney General Jeff Sessions cited the Bible in defending the Trump administration's immigration policies, especi‚Ä¶ https://t.co/Vw9uf7Ggsc",CNN
389,0.0,2018-06-14 23:06:41,1.0,0.0,0.0,House Majority Whip @SteveScalise takes the field at the #CongressionalBaseballGame one year after he was shot whil‚Ä¶ https://t.co/cit5xHbt66,FoxNews
390,0.4019,2018-06-14 23:11:05,0.876,0.0,0.124,GOP Senate nominees Kevin Cramer and Corey Stewart sought and received the support of an anti-LGBT group that links‚Ä¶ https://t.co/pO0w1s7BW8,CNN
391,0.2732,2018-06-14 23:16:08,0.753,0.1,0.146,A policy adviser for two pro-Trump groups who came under fire last month when a video surfaced of him praising Nazi‚Ä¶ https://t.co/9YkbQ7ZaUs,CNN
392,0.4588,2018-06-14 23:17:06,0.852,0.0,0.148,"RT @nytopinion: If you want to help sway the Trump administration to do the right thing for families coming across the border, here are som‚Ä¶",nytimes
393,0.4588,2018-06-14 23:17:06,0.852,0.0,0.148,"RT @nytopinion: If you want to help sway the Trump administration to do the right thing for families coming across the border, here are som‚Ä¶",nytimes
394,0.0,2018-06-14 23:18:29,1.0,0.0,0.0,"RT @OutFrontCNN: CNN's Erin Burnett: ""Democrats conclude Comey helped Trump. Trump concludes Comey helped Clinton. Both sides found somethi‚Ä¶",CNN
395,0.1779,2018-06-14 23:21:04,0.925,0.0,0.075,Afghanistan's cricket team makes history as it steps out on the pitch to face India in its first competitive Test m‚Ä¶ https://t.co/ujpRd6khar,CNN
396,-0.5859,2018-06-14 23:25:00,0.766,0.234,0.0,".@RepSwalwell on IG report: ""This report found that there were no crimes by Clinton, no bias at the FBI and somethi‚Ä¶ https://t.co/iS1ElAOZWa",FoxNews
397,0.0,2018-06-14 23:26:07,1.0,0.0,0.0,"Last week, a jogger was caught on video in Oakland throwing away a homeless man's possessions. In the days since th‚Ä¶ https://t.co/2kE3xXQ9gb",CNN
398,0.0,2018-06-14 23:27:10,1.0,0.0,0.0,".@RepSwalwell on IG report: ""[@realDonaldTrump] just weeks before the election wanted to throw a parade for James‚Ä¶ https://t.co/etMPUb3tyX",FoxNews
399,0.0,2018-06-14 23:29:49,1.0,0.0,0.0,"Danny Coulson on Clinton email probe: ""[The investigation] was conducted by people at a much too high level. They s‚Ä¶ https://t.co/Ff8y3GXQHa",FoxNews
400,-0.2025,2018-06-14 23:31:07,0.758,0.141,0.101,"Brie Larson says she doesn't ""hate white dudes,"" but wants more diversity among film critics https://t.co/CoGyjhawSL https://t.co/Iqy5Q4lcuY",CNN
401,-0.2025,2018-06-14 23:31:07,0.758,0.141,0.101,"Brie Larson says she doesn't ""hate white dudes,"" but wants more diversity among film critics https://t.co/CoGyjhawSL https://t.co/Iqy5Q4lcuY",CNN
402,0.0,2018-06-14 23:32:00,1.0,0.0,0.0,Here's the 2018 election calendar https://t.co/3sjhX76teP,nytimes
403,0.0,2018-06-14 23:32:00,1.0,0.0,0.0,Here's the 2018 election calendar https://t.co/3sjhX76teP,nytimes
404,0.0,2018-06-14 23:35:58,1.0,0.0,0.0,".@marcthiessen on IG report: ""We now have confirmation that @HillaryClinton's recklessness in handling classified i‚Ä¶ https://t.co/9m0Ve1CKdf",FoxNews
405,0.0,2018-06-14 23:36:03,1.0,0.0,0.0,Trump's zero-tolerance policy is un-American | By Alice Driver via @CNNOpinion https://t.co/0wdU5m7FgD,CNN
406,0.0,2018-06-14 23:36:03,1.0,0.0,0.0,Trump's zero-tolerance policy is un-American | By Alice Driver via @CNNOpinion https://t.co/0wdU5m7FgD,CNN
407,-0.3862,2018-06-14 23:37:15,0.617,0.236,0.147,"RT @OutFrontCNN: Sen. Richard Blumenthal: ""There is no reason, absolutely no excuse, for using this report to cast doubt on the special cou‚Ä¶",CNN
408,-0.3862,2018-06-14 23:37:15,0.617,0.236,0.147,"RT @OutFrontCNN: Sen. Richard Blumenthal: ""There is no reason, absolutely no excuse, for using this report to cast doubt on the special cou‚Ä¶",CNN
409,0.0,2018-06-14 23:37:34,1.0,0.0,0.0,.@SteveScalise 'back in the game' at Congressional Baseball event one year after being shot https://t.co/KCaQUXkdtN,FoxNews
410,0.0,2018-06-14 23:41:05,1.0,0.0,0.0,"A migrant ship's fate symbolizes a divided Europe, Andrea Mammone writes for @CNNOpinion https://t.co/CASBXR18fI https://t.co/t6m4S4uTpc",CNN
411,0.0,2018-06-14 23:41:05,1.0,0.0,0.0,"A migrant ship's fate symbolizes a divided Europe, Andrea Mammone writes for @CNNOpinion https://t.co/CASBXR18fI https://t.co/t6m4S4uTpc",CNN
412,0.5267,2018-06-14 23:41:28,0.848,0.0,0.152,RT @OutFrontCNN: The Justice Department's internal watchdog found that former FBI Director James Comey's actions in the Hillary Clinton ema‚Ä¶,CNN
413,0.5267,2018-06-14 23:41:28,0.848,0.0,0.152,RT @OutFrontCNN: The Justice Department's internal watchdog found that former FBI Director James Comey's actions in the Hillary Clinton ema‚Ä¶,CNN
414,0.34,2018-06-14 23:46:05,0.888,0.0,0.112,The US Department of Homeland Security said that it has identified malicious cyber activity by the North Korean gov‚Ä¶ https://t.co/NMnGJ1U6Or,CNN
415,0.34,2018-06-14 23:46:05,0.888,0.0,0.112,The US Department of Homeland Security said that it has identified malicious cyber activity by the North Korean gov‚Ä¶ https://t.co/NMnGJ1U6Or,CNN
416,-0.6486,2018-06-14 23:47:04,0.762,0.238,0.0,"An Oakland jogger, who was filmed throwing away a homeless man's belongings, was charged with a felony count of sec‚Ä¶ https://t.co/WJjGVNmZRs",nytimes
417,-0.6486,2018-06-14 23:47:04,0.762,0.238,0.0,"An Oakland jogger, who was filmed throwing away a homeless man's belongings, was charged with a felony count of sec‚Ä¶ https://t.co/WJjGVNmZRs",nytimes
418,0.2023,2018-06-14 23:47:20,0.893,0.0,0.107,"Moments ago, Republicans and Democrats playing in the #CongressionalBaseballGame stood as the national anthem playe‚Ä¶ https://t.co/90XKdX8SAe",FoxNews
419,0.2023,2018-06-14 23:47:20,0.893,0.0,0.107,"Moments ago, Republicans and Democrats playing in the #CongressionalBaseballGame stood as the national anthem playe‚Ä¶ https://t.co/90XKdX8SAe",FoxNews
420,-0.2263,2018-06-14 23:48:13,0.894,0.106,0.0,".@CLewandowski_ on NY AG's lawsuit against Trump Foundation: ""This is politics at its very worst."" #TheStory‚Ä¶ https://t.co/9LyHnX3Vex",FoxNews
421,-0.2263,2018-06-14 23:48:13,0.894,0.106,0.0,".@CLewandowski_ on NY AG's lawsuit against Trump Foundation: ""This is politics at its very worst."" #TheStory‚Ä¶ https://t.co/9LyHnX3Vex",FoxNews
422,-0.6597,2018-06-14 23:51:03,0.732,0.268,0.0,China is killing his business. Tariffs could make or break it. https://t.co/N3YgSNo9bo https://t.co/SrRkQcjzTS,CNN
423,-0.6597,2018-06-14 23:51:03,0.732,0.268,0.0,China is killing his business. Tariffs could make or break it. https://t.co/N3YgSNo9bo https://t.co/SrRkQcjzTS,CNN
424,-0.1027,2018-06-14 23:53:57,0.938,0.062,0.0,"Jonathan Turley on IG report: ""The inspector general did not say that there was an absence of evidence of bias, he‚Ä¶ https://t.co/9ifr4JrlZV",FoxNews
425,-0.1027,2018-06-14 23:53:57,0.938,0.062,0.0,"Jonathan Turley on IG report: ""The inspector general did not say that there was an absence of evidence of bias, he‚Ä¶ https://t.co/9ifr4JrlZV",FoxNews
426,0.4995,2018-06-14 23:56:03,0.84,0.0,0.16,The Trump administration has selected federal land in TX as a place to temporarily house unaccompanied immigrant ch‚Ä¶ https://t.co/HPiC1ts7wf,CNN
427,0.4995,2018-06-14 23:56:03,0.84,0.0,0.16,The Trump administration has selected federal land in TX as a place to temporarily house unaccompanied immigrant ch‚Ä¶ https://t.co/HPiC1ts7wf,CNN
428,-0.0258,2018-06-14 23:58:04,0.734,0.135,0.131,"Jonathan Turley on IG report: ""@Comey is now on the record once again for violating core Department of Justice rule‚Ä¶ https://t.co/tV7ph6jKTO",FoxNews
429,-0.0258,2018-06-14 23:58:04,0.734,0.135,0.131,"Jonathan Turley on IG report: ""@Comey is now on the record once again for violating core Department of Justice rule‚Ä¶ https://t.co/tV7ph6jKTO",FoxNews
430,0.0572,2018-06-15 00:01:06,0.88,0.0,0.12,"""Tag"" movie has moments but doesn't leave a mark https://t.co/BLXpAnibzF https://t.co/FjZi8oU4K2",CNN
431,0.0572,2018-06-15 00:01:06,0.88,0.0,0.12,"""Tag"" movie has moments but doesn't leave a mark https://t.co/BLXpAnibzF https://t.co/FjZi8oU4K2",CNN
432,0.3818,2018-06-15 00:02:02,0.741,0.093,0.167,"The Supreme Court struck down a Minnesota law that prohibits voters from wearing T-shirts, hats and buttons express‚Ä¶ https://t.co/qXj2vyAakn",nytimes
433,0.3818,2018-06-15 00:02:02,0.741,0.093,0.167,"The Supreme Court struck down a Minnesota law that prohibits voters from wearing T-shirts, hats and buttons express‚Ä¶ https://t.co/qXj2vyAakn",nytimes
434,0.0772,2018-06-15 00:06:03,0.929,0.0,0.071,"Mercedes Schlapp, the White House's director of strategic communications, posted a number of tweets in 2015 that we‚Ä¶ https://t.co/gayhXLi3sm",CNN
435,0.0772,2018-06-15 00:06:03,0.929,0.0,0.071,"Mercedes Schlapp, the White House's director of strategic communications, posted a number of tweets in 2015 that we‚Ä¶ https://t.co/gayhXLi3sm",CNN
436,0.3182,2018-06-15 00:06:24,0.887,0.0,0.113,"""This isn't King Donald Trump, it's President Donald Trump. He's responsible to us and it's a valid question: Where‚Ä¶ https://t.co/kX2cyK2a1D",CNN
437,0.3182,2018-06-15 00:06:24,0.887,0.0,0.113,"""This isn't King Donald Trump, it's President Donald Trump. He's responsible to us and it's a valid question: Where‚Ä¶ https://t.co/kX2cyK2a1D",CNN
438,0.0,2018-06-15 00:06:26,1.0,0.0,0.0,".@SpeakerRyan on #CongressionalBaseballGame: ""Our prayers are answered. Look at [@SteveScalise]. A year later, to t‚Ä¶ https://t.co/9P4ZX05waT",FoxNews
439,0.0,2018-06-15 00:06:26,1.0,0.0,0.0,".@SpeakerRyan on #CongressionalBaseballGame: ""Our prayers are answered. Look at [@SteveScalise]. A year later, to t‚Ä¶ https://t.co/9P4ZX05waT",FoxNews
440,-0.4588,2018-06-15 00:08:12,0.842,0.158,0.0,"RT @OutFrontCNN: One year after grievous gunshot wound, Steve Scalise returns to congressional baseball game https://t.co/tTNdwQuwTH https:‚Ä¶",CNN
441,-0.4588,2018-06-15 00:08:12,0.842,0.158,0.0,"RT @OutFrontCNN: One year after grievous gunshot wound, Steve Scalise returns to congressional baseball game https://t.co/tTNdwQuwTH https:‚Ä¶",CNN
442,0.0,2018-06-15 00:09:48,1.0,0.0,0.0,".@TuckerCarlson: ""The FBI is out of control."" #Tucker https://t.co/jzIMFufscP https://t.co/3z7f1y9YKm",FoxNews
443,0.0,2018-06-15 00:09:48,1.0,0.0,0.0,".@TuckerCarlson: ""The FBI is out of control."" #Tucker https://t.co/jzIMFufscP https://t.co/3z7f1y9YKm",FoxNews
444,0.0,2018-06-15 00:11:04,1.0,0.0,0.0,A full-time worker earning the federal minimum wage of $7.25 an hour won't be able to afford a 2-bedroom rental any‚Ä¶ https://t.co/E28Zz4Jge6,CNN
445,0.0,2018-06-15 00:11:04,1.0,0.0,0.0,A full-time worker earning the federal minimum wage of $7.25 an hour won't be able to afford a 2-bedroom rental any‚Ä¶ https://t.co/E28Zz4Jge6,CNN
446,0.0,2018-06-15 00:14:16,1.0,0.0,0.0,"Former FBI Assistant Director Ron Hosko on the DOJ IG report: ""It's deeply concerning."" https://t.co/jzIMFufscP https://t.co/aYrJ3udfbf",FoxNews
447,0.0,2018-06-15 00:14:16,1.0,0.0,0.0,"Former FBI Assistant Director Ron Hosko on the DOJ IG report: ""It's deeply concerning."" https://t.co/jzIMFufscP https://t.co/aYrJ3udfbf",FoxNews
448,-0.1027,2018-06-15 00:17:04,0.931,0.069,0.0,"RT @jwpetersNYT: GOP lawmakers in several states, with an assist from a well-funded, well-organized campaign, are coming down hard on campu‚Ä¶",nytimes
449,-0.1027,2018-06-15 00:17:04,0.931,0.069,0.0,"RT @jwpetersNYT: GOP lawmakers in several states, with an assist from a well-funded, well-organized campaign, are coming down hard on campu‚Ä¶",nytimes
450,0.5267,2018-06-15 00:20:37,0.833,0.0,0.167,"'We Will Have a Red Tide': VA GOP Sen Candidate Corey Stewart Rips Tim Kaine, Praises Trump 'Successes' https://t.co/esll8oOohT",FoxNews
451,0.5267,2018-06-15 00:20:37,0.833,0.0,0.167,"'We Will Have a Red Tide': VA GOP Sen Candidate Corey Stewart Rips Tim Kaine, Praises Trump 'Successes' https://t.co/esll8oOohT",FoxNews
452,0.5574,2018-06-15 00:21:07,0.787,0.0,0.213,"Elliot Schrage, a longtime Facebook exec who played a key role in helping the company organize its response to the‚Ä¶ https://t.co/4hz6gOJ7su",CNN
453,0.5574,2018-06-15 00:21:07,0.787,0.0,0.213,"Elliot Schrage, a longtime Facebook exec who played a key role in helping the company organize its response to the‚Ä¶ https://t.co/4hz6gOJ7su",CNN
454,0.0,2018-06-15 00:25:02,1.0,0.0,0.0,".@RepRatcliffe: ""I think the conclusions of a lot of folks looking at this report today was that Jim @Comey was a r‚Ä¶ https://t.co/jikZ0JhVxV",FoxNews
455,0.0,2018-06-15 00:25:02,1.0,0.0,0.0,".@RepRatcliffe: ""I think the conclusions of a lot of folks looking at this report today was that Jim @Comey was a r‚Ä¶ https://t.co/jikZ0JhVxV",FoxNews
456,-0.5859,2018-06-15 00:29:57,0.769,0.231,0.0,.@David_Bossie on the IG report: Some FBI employees desperately wanted to stop Trump from being elected. (via‚Ä¶ https://t.co/0l7SBpkmt2,FoxNews
457,-0.5859,2018-06-15 00:29:57,0.769,0.231,0.0,.@David_Bossie on the IG report: Some FBI employees desperately wanted to stop Trump from being elected. (via‚Ä¶ https://t.co/0l7SBpkmt2,FoxNews
458,0.5267,2018-06-15 00:31:06,0.793,0.0,0.207,6 takeaways from the Justice Department watchdog report on the Clinton email investigation https://t.co/2f88ThnL4L https://t.co/FfIFUi63OL,CNN
459,0.5267,2018-06-15 00:31:06,0.793,0.0,0.207,6 takeaways from the Justice Department watchdog report on the Clinton email investigation https://t.co/2f88ThnL4L https://t.co/FfIFUi63OL,CNN
460,0.5566,2018-06-15 00:32:06,0.759,0.066,0.175,"In Opinion, James Comey writes: 

""I do not agree with all of the inspector general‚Äôs conclusions, but I respect th‚Ä¶ https://t.co/NDsmND6uhi",nytimes
461,0.5566,2018-06-15 00:32:06,0.759,0.066,0.175,"In Opinion, James Comey writes: 

""I do not agree with all of the inspector general‚Äôs conclusions, but I respect th‚Ä¶ https://t.co/NDsmND6uhi",nytimes
462,0.0,2018-06-15 00:35:00,1.0,0.0,0.0,"FBI's anti-Trump lovebirds, Page and Strzok, used work phones to shield affair from spouses, according to the‚Ä¶ https://t.co/K3fpp1vJSh",FoxNews
463,0.0,2018-06-15 00:35:00,1.0,0.0,0.0,"FBI's anti-Trump lovebirds, Page and Strzok, used work phones to shield affair from spouses, according to the‚Ä¶ https://t.co/K3fpp1vJSh",FoxNews
464,-0.1893,2018-06-15 00:35:07,0.92,0.08,0.0,"‚ÄúThere was really no reason given, but I think that the events of the last week have been telling.‚Äù Veteran cartoon‚Ä¶ https://t.co/PeraYsx3h8",CNN
465,-0.1893,2018-06-15 00:35:07,0.92,0.08,0.0,"‚ÄúThere was really no reason given, but I think that the events of the last week have been telling.‚Äù Veteran cartoon‚Ä¶ https://t.co/PeraYsx3h8",CNN
466,0.0,2018-06-15 00:37:25,1.0,0.0,0.0,RT @CNNMoney: AT&amp;T announces it has completed the acquisition of Time Warner. The announcement comes two days after a judge ruled that the‚Ä¶,CNN
467,0.0,2018-06-15 00:37:25,1.0,0.0,0.0,RT @CNNMoney: AT&amp;T announces it has completed the acquisition of Time Warner. The announcement comes two days after a judge ruled that the‚Ä¶,CNN
468,0.3612,2018-06-15 00:45:09,0.884,0.0,0.116,Fannie Farmer was widely credited with inventing the modern recipe and was the first professional cook to insist th‚Ä¶ https://t.co/qmYp7W1oFC,nytimes
469,0.3612,2018-06-15 00:45:09,0.884,0.0,0.116,Fannie Farmer was widely credited with inventing the modern recipe and was the first professional cook to insist th‚Ä¶ https://t.co/qmYp7W1oFC,nytimes
470,0.0,2018-06-15 00:48:10,1.0,0.0,0.0,"In a new op-ed, @AlanDersh wrote, ""For me, the major takeaway...is that it conclusively demonstrates why we do not‚Ä¶ https://t.co/MRskKCKauT",FoxNews
471,0.0,2018-06-15 00:48:10,1.0,0.0,0.0,"In a new op-ed, @AlanDersh wrote, ""For me, the major takeaway...is that it conclusively demonstrates why we do not‚Ä¶ https://t.co/MRskKCKauT",FoxNews
472,-0.34,2018-06-15 00:49:32,0.902,0.098,0.0,".@DonaldJTrumpJr on the DOJ IG report: ""As damning as it was, it probably doesn't go far enough as it relates to wh‚Ä¶ https://t.co/1dM0BrnczO",FoxNews
473,-0.34,2018-06-15 00:49:32,0.902,0.098,0.0,".@DonaldJTrumpJr on the DOJ IG report: ""As damning as it was, it probably doesn't go far enough as it relates to wh‚Ä¶ https://t.co/1dM0BrnczO",FoxNews
474,0.0,2018-06-15 00:49:47,1.0,0.0,0.0,What James Comey did and what the IG's 500-page report said about it https://t.co/2TajVJd0oL https://t.co/HPGM9RPNei,CNN
475,0.0,2018-06-15 00:49:47,1.0,0.0,0.0,What James Comey did and what the IG's 500-page report said about it https://t.co/2TajVJd0oL https://t.co/HPGM9RPNei,CNN
476,0.0,2018-06-15 00:51:28,1.0,0.0,0.0,".@DonaldJTrumpJr on the DOJ IG report: ""When I see what's going on, I think I see what every one else in America is‚Ä¶ https://t.co/NKYltZVndY",FoxNews
477,0.0,2018-06-15 00:51:28,1.0,0.0,0.0,".@DonaldJTrumpJr on the DOJ IG report: ""When I see what's going on, I think I see what every one else in America is‚Ä¶ https://t.co/NKYltZVndY",FoxNews
478,-0.2263,2018-06-15 00:58:48,0.872,0.128,0.0,"""It's nonsense."" ‚Äî@DonaldJTrumpJr on the NY Attorney General's lawsuit against the Trump Foundation‚Ä¶ https://t.co/fUwJwrvO0J",FoxNews
479,-0.2263,2018-06-15 00:58:48,0.872,0.128,0.0,"""It's nonsense."" ‚Äî@DonaldJTrumpJr on the NY Attorney General's lawsuit against the Trump Foundation‚Ä¶ https://t.co/fUwJwrvO0J",FoxNews
480,0.5859,2018-06-15 01:01:21,0.759,0.0,0.241,".@DonaldJTrumpJr on @POTUS: ""They're watching him win despite all of the noise."" https://t.co/7EjQ8BhX0F",FoxNews
481,0.5859,2018-06-15 01:01:21,0.759,0.0,0.241,".@DonaldJTrumpJr on @POTUS: ""They're watching him win despite all of the noise."" https://t.co/7EjQ8BhX0F",FoxNews
482,0.0,2018-06-15 01:02:02,1.0,0.0,0.0,Evening Briefing: Here's what you need to know at the end of the day https://t.co/wi3e5hCnPp,nytimes
483,0.0,2018-06-15 01:02:02,1.0,0.0,0.0,Evening Briefing: Here's what you need to know at the end of the day https://t.co/wi3e5hCnPp,nytimes
484,0.0,2018-06-15 01:07:07,1.0,0.0,0.0,Dem Attorney: There's an 'Exaggeration' of Strzok's Impact on Trump https://t.co/wyxVeFIzmd,FoxNews
485,0.0,2018-06-15 01:07:07,1.0,0.0,0.0,Dem Attorney: There's an 'Exaggeration' of Strzok's Impact on Trump https://t.co/wyxVeFIzmd,FoxNews
486,0.0,2018-06-15 01:07:44,1.0,0.0,0.0,"RT @JesseDrucker: Marcus Owens, who ran IRS nonprofit division during Bush I and Clinton admins, cited several cases where people were crim‚Ä¶",nytimes
487,0.0,2018-06-15 01:07:44,1.0,0.0,0.0,"RT @JesseDrucker: Marcus Owens, who ran IRS nonprofit division during Bush I and Clinton admins, cited several cases where people were crim‚Ä¶",nytimes
488,0.5719,2018-06-15 01:15:05,0.783,0.0,0.217,"President Donald Trump has approved tariffs on $50 billion worth of Chinese goods, according to a source with knowl‚Ä¶ https://t.co/fPMFqRhB3x",CNN
489,0.5719,2018-06-15 01:15:05,0.783,0.0,0.217,"President Donald Trump has approved tariffs on $50 billion worth of Chinese goods, according to a source with knowl‚Ä¶ https://t.co/fPMFqRhB3x",CNN
490,0.0,2018-06-15 01:15:15,1.0,0.0,0.0,".@seanhannity: ""With @HillaryClinton, everyone was given immunity. With @realDonaldTrump, it's search warrants, sub‚Ä¶ https://t.co/Li3GsNP0Gu",FoxNews
491,0.0,2018-06-15 01:15:15,1.0,0.0,0.0,".@seanhannity: ""With @HillaryClinton, everyone was given immunity. With @realDonaldTrump, it's search warrants, sub‚Ä¶ https://t.co/Li3GsNP0Gu",FoxNews
492,0.1027,2018-06-15 01:17:03,0.887,0.0,0.113,A measure to legalize abortion in Argentina cleared its first major hurdle https://t.co/TPbw7Zm1XU,nytimes
493,0.1027,2018-06-15 01:17:03,0.887,0.0,0.113,A measure to legalize abortion in Argentina cleared its first major hurdle https://t.co/TPbw7Zm1XU,nytimes
494,-0.5859,2018-06-15 01:20:06,0.745,0.255,0.0,.@David_Bossie on IG report: Some FBI employees desperately wanted to stop Trump from being elected https://t.co/vH9cbtSfVA,FoxNews
495,-0.5859,2018-06-15 01:20:06,0.745,0.255,0.0,.@David_Bossie on IG report: Some FBI employees desperately wanted to stop Trump from being elected https://t.co/vH9cbtSfVA,FoxNews
496,0.0,2018-06-15 01:23:06,1.0,0.0,0.0,AT&amp;T announces it has completed the acquisition of Time Warner. The announcement comes two days after a judge ruled‚Ä¶ https://t.co/KMehy3XT3n,CNN
497,0.0,2018-06-15 01:23:06,1.0,0.0,0.0,AT&amp;T announces it has completed the acquisition of Time Warner. The announcement comes two days after a judge ruled‚Ä¶ https://t.co/KMehy3XT3n,CNN
498,-0.3182,2018-06-15 01:26:36,0.827,0.173,0.0,"James Gnomey: Hours after IG report released, Comey posts odd photo https://t.co/temp7jNw62",FoxNews
499,-0.3182,2018-06-15 01:26:36,0.827,0.173,0.0,"James Gnomey: Hours after IG report released, Comey posts odd photo https://t.co/temp7jNw62",FoxNews
